Feature1,Feature2,Feature3,Feature4,Feature5,Target
1.0005823180429783,0.8032799053679167,-0.6706202090766449,0.7582862695434487,-1.292010792776947,1
-0.7217375533372533,0.07623753005587597,0.17682087213939798,0.8213995981331688,-0.41131790134132606,2
2.0997217891665154,-0.7464441334136132,-0.24702570074599667,0.14206369454589618,0.24151335446355626,1
-0.493122822399772,-0.1681237850074111,1.4436320034688142,0.6619874994775674,-0.3427577495163959,2
-0.05489400061628639,-3.754564654333454,0.28555407485765694,-0.5008413797429917,1.2692262429250154,2
-0.1044492185374715,2.119885789568447,-0.16882172319001063,1.5539344850051582,-0.012835464378586514,1
0.6934789119139937,-0.4244191143878928,-0.3920126399191296,-0.9370573151653326,0.991554125674848,1
-0.2685306479058323,0.42706906258800836,-0.8911922254152874,1.4449139729760507,-1.073189803645875,1
-1.5811907020321334,0.1431573765602644,0.8950383140761154,-0.7317730521098189,-2.6800438403080453,1
0.7094518171390395,-0.34733850325604454,-0.43548637056984335,0.6641198215213944,-2.0912273652320224,1
0.08589300629333041,-1.7435331402477805,-2.219300372747535,-0.5598886997125128,-0.1972833142250302,2
-1.423957152450145,0.276180014349631,-0.2666523292344148,0.47240282158356495,0.40504285420126784,0
-0.5495571359085801,-2.0995561166838748,0.8595878869798019,0.3962703823348247,-0.9694385246271563,2
-0.36927713924620315,-0.7208463748026577,0.14338846734225108,-0.4151253878331853,0.9480530153314587,1
1.0602099074988798,-0.23771031427071376,2.7596600389110777,-1.5812171692956372,-1.1903134893058034,2
-0.6058608207588934,-1.3530187421739042,1.7193779062072967,-0.7648553085174887,0.09012757831823648,2
-1.0623935281468797,1.2215834649979156,0.4283070972076486,-1.3674245760907948,-1.1782286239064097,0
-1.19363683175648,0.047515061874963016,0.9191541736100015,0.14153903481096508,-2.799466527338985,1
1.639964529371393,3.7011257957222456,0.7421274910718922,0.6475850704959205,0.372582140725229,1
-1.6151318159055095,0.6559695957264671,1.1647393544571714,-0.19531205713215705,-0.47936841728441393,0
0.6969544045107356,-0.2568595683621192,-0.33381948975600995,-0.8934817525573845,-1.9751862251915246,2
-2.703232292999237,1.907691317086504,0.6778753195309076,1.0103974461337668,-0.31304549603851795,1
-1.6075598643689741,-0.14299140622121764,-0.7627247785662142,-1.5338260050056305,-1.119249733437385,2
-0.9564363768180087,1.3808446993841998,0.47240627788037737,1.0428316645261875,1.007085799057798,0
0.738810480887503,3.5495004702241983,0.6153674840130534,0.2465206181689601,0.38829641120926706,1
-0.5041798310076715,-1.210222791512053,-0.08152267310164589,-0.9759335714372859,0.6411941806954996,1
0.6728612359668199,-1.5849701682100883,0.591814133741378,0.7912430871080888,0.008490499808762597,0
0.6354180302092264,-2.2829479845617904,-1.2392583948534726,-0.5898873508299347,0.09562255250638674,2
0.7082144232565571,1.9485855791493392,0.23321613126350166,-0.4060711432662909,-1.567089421830741,1
0.5462842480036996,-0.7510443258003322,0.0064222698109378164,-1.1761327059603068,-1.359076250877579,2
-1.4438548161335418,0.7702071033207571,-2.296180953137238,0.8564893971273495,1.4424109316833584,0
-1.2601647651725802,-0.205636445527279,-0.6163614080394775,0.6661392194266105,0.30236029147611776,0
-0.12853751143893075,2.271870747779202,-1.881849045497639,0.12534833414321223,0.28714106187785116,1
-0.1973384203073261,-1.861455150588745,-0.1512732836535117,-0.6163100825937979,-0.3084800001400355,2
-1.1894118928673278,0.12077498520178487,1.6426729532559634,0.9306373423517385,0.5521641351858555,0
-0.1601327955666404,1.254095950662948,0.6713400764504657,2.3516169479960993,-0.3716821379167823,1
1.1873860515647512,0.5012114112292421,2.589563642018614,-1.778617853173295,-2.825053569670318,0
-0.10325476014904739,-0.4006831067150185,-1.6431888111541673,0.8539878158664675,1.5149647840603768,0
0.0678555105274033,1.750404464651453,0.8527736751222195,-0.4898331640873862,0.768261866273223,0
-2.211861911329507,0.8233576539983163,1.5334337012963255,0.44020495315453056,0.849699796059317,0
-0.47622087354465903,-0.32312012344307917,0.8743891807127275,-0.6981522877568296,2.438703941831308,0
-0.413465161123276,-2.5705914866300716,0.26028050658288615,-0.09440851597833,0.9827757693580843,1
-0.3206676255571917,-0.4875118792225126,1.7952113559123222,0.8545076183212486,0.230419194757022,1
0.34378788154988543,-0.40884658548337993,-0.04865235157045115,1.517551758792583,-0.6913383535002693,2
0.08865759096143744,0.7379884640768051,0.1973157074055956,0.6938082680111389,0.8862611034813965,0
-1.5311075025557221,-1.1362869714315786,0.5142547560178349,1.4962255493245447,-1.35119799013916,2
-1.3510743662080213,-0.9632003537504461,-1.3224579567435701,1.1076220816674212,-1.2333080498973417,2
0.40373009033660945,2.1268995457956716,-0.024195606390916165,-1.3537427219850307,0.22061700344026147,0
-2.3629324355418384,1.5186258313091445,-1.0097307047099375,-3.5678643865364443,-3.610430509816211,0
0.1018562952619867,1.1303121837407162,1.5490201514951873,1.2023756760377582,0.3306132811167477,0
-0.22859991534001858,1.0880832510848935,-0.9943493746085122,0.7607643644586549,1.810521947972687,0
-0.7728776678236091,-2.671925127729598,0.4070522871245351,-0.9816111358174229,0.8520597486843058,2
-1.053682419146354,1.6269294009562145,-1.067802921579193,1.3790076626013592,-0.5177027007785113,1
-0.5353281859539227,1.7022061373471562,-0.09053328230416077,-2.4847346436465676,-1.8778811753065572,0
0.6725737012027313,0.654579145051515,1.8998819348952156,-0.792493005076528,-1.2809080301364868,0
1.360658595838651,-1.9635673250831704,-1.308820399119112,-0.6984881617391695,-0.2656666530658012,2
-0.5621680265783021,1.527792026191157,-0.20922187374452778,0.3410002947220093,-0.48593174888286794,1
1.5805406865683735,-0.9429893854911164,-1.0150941918278686,0.61114693363127,0.6617234900372182,0
0.8691560643892732,-0.5204611754920858,0.8872908372667421,0.8148960650859902,-0.28846970211760947,2
-0.22346598237185214,1.4656466248982247,-0.3493167961181975,0.7591491295274313,-0.5831071354578252,1
0.883109777147159,0.29676368731933733,-0.07783719701280203,0.11589751306122276,-0.5319343284725326,0
0.5112025995249807,1.8432863053037636,1.3736585451629577,1.167304404280615,-1.0480597931230438,1
1.673452090298537,-2.418818356172907,1.340461051790348,1.9323256489352958,-2.4055511825039235,2
-1.3776175007542373,-1.4281226261905853,-0.5647740041709423,1.567972279074937,-1.6275844333718297,2
-0.24606248812994858,1.279454522157823,-0.8432465953161917,1.0304707214452649,-1.2208614572936904,1
-0.7859860326349823,-2.831486768906263,-1.3810446031537749,-0.6737286329716605,-0.6575392244770626,2
2.1709427174978138,1.6835739254302764,-0.1758858124323366,0.5467191448450621,-0.4190905867290008,1
1.1173988159024608,-1.252262830583917,1.4484992298929262,-0.8531555995630415,1.5920672135902725,1
0.7660802783846903,0.31585376347807914,1.2269332238843076,-1.0793950023989387,-2.1710185207628943,0
0.3674816654743044,-0.4052341310054438,-0.3135296861723979,0.02615715345030256,0.12183941357003092,2
1.8732977762175456,1.405333837165193,1.0800480657146485,-1.7912808349957379,-1.5025868394524715,0
2.062524919243145,-0.14263620358065499,-1.0675329142542729,0.024869108059796696,-1.3823027914343677,0
-0.5081401976473109,0.9332042280485431,-0.14778031881747153,-0.2487023438999585,2.026334725475088,0
-1.345870923473215,-0.050330849187242066,-0.8192578597214978,-0.09262525348141448,2.0772776506930057,0
-0.8096035199216461,-0.33342031074775746,0.4240610444640897,-1.101083808775228,-1.350403944571915,2
0.49968511030293383,-2.3339114747067455,0.4720022709192744,0.5963131182968987,-1.105401076446797,2
-0.13263374638257355,0.46772341473452195,-0.9745293046706415,-0.022395180562220673,-0.4602762849319517,0
-2.1533429198712444,-0.09917948426863787,1.0971527117536957,-0.1853749625833353,0.10782940957417342,1
-1.8665399513606162,0.5240580043609233,1.0075136898369221,-1.5364411506644107,0.48174096783071996,1
-1.0917008761393143,-0.6814280963222095,-0.387099702474401,-1.0588732368887517,0.8971551035720092,1
1.9925153531681183,-2.844572153502214,-0.7666565877833479,0.7901848257518144,-1.6666717388201384,2
-1.4063174636718339,0.3643454952866605,-0.08310557262869477,0.838929784324041,-1.7864869239970418,1
0.19438430157733602,0.07370646168588524,-0.35316629281068834,0.0488992144824234,-1.03946135290399,0
-0.4700421477595015,1.6429487324874106,0.2658782296520485,0.5280365730010296,1.518921594614219,0
-1.6076610271180587,2.7194483475947897,0.18474057889572446,2.0771094415336915,1.0642572650947701,0
-0.08343796979036086,-0.45692737130622174,-1.44964521969853,1.0155129513558974,-0.5561705009001783,2
0.655900776529761,-0.9676424011120306,0.19473619471877485,-1.42950874778466,-0.10312856120993474,2
-0.7424705856980482,0.7772374243555452,-1.3200225112207058,1.1753689546944004,-0.7387358077638237,1
0.29875290836568624,1.9922688643829418,-0.7517910500951843,-2.623600602901463,-1.706140632897032,0
-1.3386057997232488,-1.9426639133381534,0.6929186230316111,1.3171285770364158,-1.6617081640618707,2
-1.234348871879922,0.8178398537886297,-0.5924642591528942,0.1994937073150883,-1.1247544798910516,1
0.570612997219531,-1.193838829866773,0.9681846605328611,0.46588700734802113,-0.9122127107403639,2
-0.10730214400422888,-2.161460855000626,0.4477169258102776,-0.5018549407151285,-0.6704636881208501,2
0.6592456684324051,-1.5866178046885677,0.9375701376265584,-0.7358089841197701,-0.8142795332938462,2
2.0740826697499735,0.4980728367043976,-0.9193845915864234,-1.4435321937202659,-2.3044465105437046,2
0.02246589281204638,-0.692343004756597,0.54711911517521,-1.1007898484953351,2.1868244228406666,0
0.6955377575657775,-0.49093453213482685,0.849102110743144,-0.6874054297643394,1.339945489987518,1
0.49201884799279927,-1.0885272447700831,-0.5260348426675804,-1.2716796894719564,0.9315407063567072,1
1.0325462043416573,-0.09925021098062148,1.1267051368275833,0.9867526297002499,-0.9129287643153117,1
-0.9037018607301281,0.30687700941427565,0.324359281721603,-0.019519833160500766,-0.7540631959443461,0
-0.9161919154812425,-1.921836157759544,-0.8318222082304447,0.7330552973583457,-1.45980793291204,2
-0.31984752325484395,2.3903131352143516,0.15175799224874037,0.5460260453780177,1.740797144664672,0
-0.1343087414705478,2.949920503996988,0.8108082731597821,2.8933846797331433,1.35997189777083,1
0.20726732939894396,-0.8157034955082496,0.06934433703625043,1.3464323574326766,-1.1132341332423117,2
0.8508979621679722,0.507361765859281,-0.13737178839939665,-0.07726246622255095,1.1855653010938514,0
0.3904648499288896,2.5998199310203853,-0.10322175293249623,2.115648681057468,1.1369687702181817,0
0.7441919714999368,-0.8920522310712604,-0.181224173218103,-1.5002933505958367,1.397597267915501,1
1.1070806692869728,0.5495548258057918,-0.12038116395359824,0.2616889147122716,-0.0498836274070823,1
-0.18039168176240783,0.18825767203110566,1.3728484746765302,0.3825244507314608,0.6736967894521003,0
-0.5029747705513431,-0.2563279995214006,0.26348721533105957,2.9731532605830866,-1.9842535513757504,2
-0.2918112689155441,1.2295318637966028,-1.563190808696657,-1.2003041884438521,-0.9181880791659084,0
0.7368438970924334,0.854440266518596,-0.2813275571182134,-0.5188903614845106,-0.5449883127780324,0
-1.0293715081820716,-0.14125403626557453,-1.3526702858435344,-1.0066257884055008,0.6573656440313913,1
1.3171150673398653,0.8727756888630819,-0.11806852699107874,-0.8233182961264889,-0.9726091360877996,0
0.03279699541158651,-1.4318082186865426,-0.7584953347000695,1.2175238670533877,-1.2239154172931221,2
-0.21701705042437042,-0.8007385585566615,-0.3084827884558197,-1.7673973493938164,1.1271836105545052,2
0.9531250453760867,-0.7556557511160535,0.513085420097293,-1.0024991268104488,-1.0856414263829715,2
-0.33130838318332273,-2.3062854238465897,-0.6122367345077503,-0.3021227626125329,-0.630991350787885,2
0.9192289345752035,1.5721956846746006,-0.668144085538994,-1.1408772982479167,-0.2959776827770504,0
1.6122206282554243,1.2927080549858807,0.8968393158655319,1.097197351773139,0.030887676650179774,1
-0.6117690909052854,0.5195005363347569,-0.03703679704841202,0.2922584190246249,-0.6767423282530176,1
0.7153813154412441,-0.23928490032693706,0.7181857257079345,-0.7173189250515717,2.409827190800407,0
1.9764405845154855,1.209134483364548,-1.5642416117110514,-0.8474697173844595,0.519850106742216,1
2.4267164863455224,-1.260253284365683,0.43295982536069616,-0.46480107870308207,-0.0895822421214284,2
1.1731246375866413,-0.5936045409675474,0.3696421921980939,-0.8873304343484357,-1.6251662305832002,2
0.3514482075415829,0.10138330020322339,1.0701502383164274,-0.9593507376448951,-2.3052936977092005,2
-0.5583017539460305,-4.434358471823056,-1.100154232971695,-2.7444683707572626,2.5367844979304914,1
1.42274813609994,0.7140018682848528,0.9262154022415924,-0.15257474155878858,1.196011136794192,0
-1.6009039784765156,2.4864587725736085,-0.828497024780246,1.127247913270154,0.6346160811752954,0
-1.0909664302151982,0.10691526872875079,-0.4108142879545848,0.2603277537191041,-1.2323783181532892,1
-0.23893209916969432,1.4497793296037464,-0.36682441181468756,-1.10624654620815,-0.3965390690531754,0
-0.18047991359062565,0.39845902804885625,3.193107567844861,-0.4069881169740821,-1.1120194992173342,0
-0.5487249077409615,1.1392243614513697,0.09284490114111471,0.1694986719592788,-1.6462069275421556,1
0.07595526791608741,-2.920045339033443,0.7426824183597224,1.3509286970163883,-2.041751689499624,2
-0.26451484131061076,0.8834849026555507,-2.0038623644067535,-1.9641937307669606,-0.9044065120195716,2
0.18970616761039566,0.1555721033191776,-0.6619821777966091,1.5360912828821178,1.680640804676255,0
0.6215718898560508,-1.2262142223652743,-0.36961033604363397,-1.0801782473637753,-0.8645302233437488,2
-2.438817158276429,2.630970054661975,-0.13427916218630415,1.0282009878361995,1.4483992490847057,0
-0.29396694766418224,-0.8627141028862695,-0.07159925185806683,-1.53643462269951,1.672060480947991,1
-0.1314725956716678,-0.8731835450195513,0.8260471714415063,1.8175296780657175,-1.5040494156755635,2
0.8004095252276823,-2.2209213746804566,0.7542913298135743,0.04419659106306284,-1.7507734210060928,2
-0.7837656655863965,-1.9734583195769242,-0.6905410523162594,2.1834592187324953,-2.572569567996804,2
0.1684609762696143,1.6182354723383023,1.3175975356079597,-0.908590997721492,-0.004624548602034428,0
0.6504500925361392,-0.8696921992553217,-1.503080301759818,-0.9737863582288524,0.7376288871553791,1
-0.7924199209999613,-1.2518858780883368,-0.3079615296390403,-0.8163856644479489,-0.8217834940789945,2
-0.8275902206487197,1.534557993855703,0.08614388304637476,-1.145434589933409,-0.4357349841498732,0
0.6157711497711416,0.7531365629002691,1.2038844371688162,0.36339522976016714,1.453795866208548,0
1.804348109786743,1.9347920291661167,-0.19090379172729868,1.3117027360743037,1.289846037901544,0
-1.4511756900515589,-2.9910050985420638,-0.01208894784605456,-3.415592379207941,2.6406099346419554,1
-0.4827435221820324,0.6825158743700941,-0.9533286082587124,-0.33069464953901284,-0.5965476811926957,0
-0.9637589262106109,-3.1597702801832783,-0.9571509148950429,0.11293693122201054,1.0038426101727398,1
0.1600182258527877,-0.9794538144582655,0.501782736167545,-0.9080635853232701,1.2009586442431797,1
-1.2565068942792563,-0.11483315948016937,0.8132051867479773,3.177300805423392,-2.295646252737515,2
0.4384757388097273,1.8427912341391264,0.019616657693989903,0.9969375701630969,0.43665003949609216,0
0.6820520657126199,-0.24208825474159912,1.4872461553359273,1.7732282675144688,-0.9293032002056122,2
-1.2457173764463845,-3.1676609503349615,0.054934110999848726,-1.7345145787560305,-0.11377108268701719,2
-0.22320225463480511,0.5524106121049982,1.4898634386020821,1.4583114085653899,-0.0896865394100883,0
0.6988284202025348,-0.08700788489248668,0.4209729443893898,-0.3585933084895233,0.9381070022169872,1
-1.77623523289832,-0.346824479559933,0.40865281148067084,-2.8707573591081132,1.4332244739140212,1
-1.5537587660160643,1.0675493887267307,0.8178896580250287,2.3238249291682305,0.5711661109887913,0
-1.5047203740310022,1.5872023520687704,0.7600559636896026,0.8786143199148241,-0.26615077978389134,1
-0.6459641791245353,0.6327544859544618,-0.7991920066502536,-0.2160957953540622,-0.5370590640814605,0
0.9648516330974576,2.4450735009487468,1.6155828235482317,0.7315484463314738,0.23056438955926306,1
1.0857863249393471,-0.061730314623658966,0.09798315347089544,-1.3147146659710034,-1.5242940958306739,2
0.9873345165891019,-0.27904971989174276,-0.07595102364252276,0.5524267071962948,1.1543551665628038,0
-0.46440426230938764,-0.1666797163801651,0.4620608932518965,0.625175606315282,-0.10737259001643484,1
-0.4263575962055433,0.9004209823129302,1.1484457091967548,-1.7280851257815315,-2.0641968131150126,1
-0.30920907704986345,-0.028129722718831962,-0.7521564055905832,1.1243452393271274,-2.1978575473927795,1
-1.2922626951056186,-3.0270802362485805,0.6897078052451944,1.9307067898614028,-2.643253955536408,2
0.6793732829565033,-2.822569598454836,-1.148794035158656,-2.4809882905034506,2.2121896359518507,1
-0.643549832317462,0.48383233947915294,1.0299608175811612,0.5246099599044911,0.3026827363324065,0
-0.835142901630023,-0.6872602682570457,2.0895387216947734,-0.7686559701924296,2.6886344315395316,0
0.7942646796218271,-0.23012560225626055,-1.2542894231692494,0.15496627172259836,-1.255798172681862,0
0.21319662823768915,2.7309088614645476,-0.7519693317388191,0.6317104473702819,-0.9932299612518901,1
-0.6414869090443096,0.2977647133370329,0.487872284871074,0.05808674223530996,1.0983476427335606,0
-0.08836295920533532,-0.11925627025998631,-0.3700110298821277,-0.9665048699559916,-1.5095562427486904,2
-0.31305803052315434,3.6611277217508755,-0.0007085945766459172,1.6084750546253475,0.4213766878446181,0
0.6067230591361827,-0.15734411916829283,-0.18319661872038787,-1.7753937467553493,0.8963838507730225,1
-0.021367294348436157,1.176326842851771,-0.7472116791478234,-1.5862973317404305,-1.4609529642789532,0
-1.252393444413119,-1.6955056759675595,0.3636318826249679,-0.3167181890548365,1.5104319018794023,1
0.40981865692851255,0.9246811236862884,-0.24125765461854246,0.03314541197008558,0.270250075478621,0
-0.18289644110484016,2.102005135648181,1.3748764191481848,-2.423402137013721,-1.2190527310182313,0
1.3924653000643288,1.4953784904643452,-0.2500465145989528,0.6082323802160107,-1.2995645849115007,1
0.4183982208886837,-1.1839343168446061,1.4015985929464294,-1.65615149031341,1.4331402501115615,1
0.2671266510114834,-0.879204426101716,0.5087250232299338,2.262183547156006,-1.5048066409682224,1
0.7903718960517113,-1.4297104017754452,0.34005129456889044,0.6368825228839063,-0.8052590177222677,2
0.3506300992735592,0.26677125169450155,0.4891871301476635,-1.5673052410310404,-2.902915495363983,0
-0.5956612940434921,-0.7906594048428359,1.3744380931708173,-1.7286580140179013,0.04183201166219308,2
0.47635776935621926,-1.179811615434205,0.5054701591666269,-0.7116833063297083,-1.4813554171719527,2
-0.6267172245899651,-1.033215239876572,0.8623934723827588,-0.9898493512185156,-0.960936793501338,2
-0.6292633936927887,1.465197613279909,1.5337277099164992,0.0943073081691248,-0.504375302651237,1
0.23007075919140207,-2.5740775052308864,0.49774308909139425,-1.9419360611252647,2.513132080857014,1
-0.7877837519082389,-0.7762167226349878,-0.620847598251116,-0.998158763203968,-1.5032979107130795,2
0.6835693232004776,-1.8200358538771542,-1.3659557112005343,-0.8149735781619706,1.634469099368165,1
-0.6124373746404379,2.084776120485743,0.36150352520610163,1.264634015158395,-0.8611661939399138,1
1.1243533598705027,-1.3644304065910655,-0.3340772309799405,1.8362169687007186,-2.084455926339725,2
-0.12754912037753421,0.47493221262053886,1.5111549302473475,-1.1618159941895243,0.5063663306055517,1
-0.5240883979345925,-0.012729484858724938,0.152354872033722,-1.3398954783393164,-1.420291196535578,2
-0.7345915767980492,0.13894347960499753,-0.810252437014381,0.7372536124547346,0.043079537416023106,0
-1.0003313246055747,1.2451918167005092,-0.6777449705248515,-1.4188550380209395,-1.1390598394204514,0
0.33848384346169114,0.42381586132726046,-0.29540141013902943,0.07535917759028288,-0.4628848488016334,0
0.48473281729447476,0.8537702789954397,-0.8463566549908735,-0.3984087124496777,-0.3997391825690948,0
0.31917451041918043,0.1791741498775956,1.3404504460231446,1.0242226089723718,-1.6930600363332813,1
0.8250982646676347,1.8316450020520425,-0.8671302157109003,1.791221145990392,0.08748500141086057,0
-1.5223591862178911,-0.9624993507023226,1.1126883749899252,-0.8952490251675727,0.9957665054976889,1
1.6153756894694418,0.1637662817197414,-0.3223204692113399,0.12570847482853775,-0.7587286148365364,0
1.0760071385985983,0.7091178538581836,0.02131164867194222,0.4224903257145264,-0.9016208584696661,1
-1.496529255090079,0.1123588772639803,-0.6500239344068982,0.7528370108719199,-0.46369130809320236,2
-0.8304444065565653,-0.023053674193631468,0.5225141052657575,0.7631646536645584,0.17438864320977177,1
-2.151815401329305,1.435704819599037,-0.7191533192424201,1.217117295256682,-0.1543700723848188,1
-0.3286184757489846,0.8736268982312759,0.6031874310823431,0.49596846013828344,1.1551928281280084,0
1.0473177066214483,-0.7211778834950044,1.1695899924277735,-0.2436149292264238,-0.10790776064541685,2
0.33198033056901455,-0.483153586183942,0.1904996797790664,1.0782429381087093,-2.2494101743958446,1
-1.5625458568865427,1.3547469239397187,-0.5290526773462948,-2.2582957795468834,-2.124669014334225,0
-0.9218598131253132,-0.9476134408951916,-1.0039573720814985,-1.1261348568288878,0.28020938235232373,2
0.49822174849678513,3.0295121908984504,1.1401490385212665,1.9652006296064624,0.9815088194058587,0
0.06699071722487192,2.4183955467631186,0.5159392177040995,-2.5144748523162206,-0.8760778633383443,0
-0.07964139124571515,1.856484031673408,0.4523717962497339,-2.046122862973517,-1.042150233784854,0
-0.684629825760004,0.21058075113854313,0.7906255991627686,-0.552686798599707,0.6327870062992018,1
-0.5975101946916416,-2.428762529345919,1.4223698616985077,-1.0238163775284241,0.6678508706161754,1
0.6802161054504494,0.8889609693885128,1.192507512477975,-1.1118803234794365,0.2669726254933096,1
2.0236062192296393,1.1891839551126093,0.006799844559997769,1.1752465572532056,0.6177060658320104,0
-0.02640575695892703,-1.0146509565305888,0.2801611588196068,-0.7981791276849861,-1.4895212890636214,2
1.9011906857530074,1.782331094616754,-0.060660813814620775,0.5194061369665072,0.28328564656417554,1
0.08243975293450329,-0.08662347894935984,-1.4575514994649306,1.2447754421140917,-1.507346715958735,1
0.8903831635197862,-3.4593777997300394,0.5752050161065663,-0.9993981305534955,1.810188985084201,1
-1.9701038177118355,-2.4944821959257335,0.8925973382993092,-2.050572597531228,2.0701432817909167,1
1.0560568090660518,-1.2847616160176691,0.22323891412915967,-0.7288173573573353,-1.3265434330533241,2
0.12637957954641182,-0.30939459637797984,1.9389289990582848,0.0976006696667382,-1.50557377200237,0
0.26256132900192497,-1.5344422001037765,0.19358991136754436,-0.19322816098087103,1.0960592525108472,0
-0.13944627568099954,0.09113451556638708,-0.4501892648514116,0.08025608776655091,1.8203365321368294,0
-0.16306696394376388,-1.4257968581959468,-0.7449026448064491,-0.9460192348518233,0.01870286972888069,2
0.28869362927985703,1.4101723559071169,0.2603218387712207,-0.9720338509958844,-1.3122040258169598,1
0.2942241290134937,-1.2533611144671497,-0.234407800316322,1.9252265045264774,-1.4055880589392298,2
1.2119439853864005,-1.4260432371447318,0.26125053123385605,-1.7368727484592958,1.0167639958929582,1
1.1241127199860135,1.216953262827495,0.9475264621228578,-1.7579220063112984,-2.6181770583873716,2
0.6833289928110694,-1.7956695377979486,-0.20931381957936157,-0.5482942269104021,-0.2373451140253222,2
0.02421945667275807,0.0011431819520582032,1.4122205554154292,0.46485132193512935,-0.5437476085567956,0
-1.1790397911598025,1.2303708796611275,1.1876793884615637,0.0772634603458755,0.6506295711231012,0
-1.7258067287905967,-0.34003327363643787,-0.6775646523356551,-2.193491026434123,0.7560809002538891,1
-1.1808128153088449,1.7382759180012686,1.114321694668872,2.506108405814654,0.6434211930360232,0
-2.172669546014036,-0.41594645985757905,0.8474216771504216,0.24066282004702932,-1.5484917351366172,0
-0.8987840483231282,-0.5969985499276057,-1.3303136257389898,-0.87449054269428,0.6252859493275817,1
0.4365598041576678,1.2713522579096828,0.9039348410861953,-0.6759488987991537,-0.2067495886462991,0
-1.1165244399486591,-1.836794073078377,1.2358116200069387,0.36753246968488074,0.026886904502757214,1
-0.7691423497872982,-0.40023737147082683,-0.9399031011088647,-1.4326328521636857,-0.7093614791461711,2
0.22530792204094158,-0.6857706036825202,-0.3695269288333586,-0.039238518244506304,-0.3264797285426657,2
-0.22939074406802776,-1.3337201708923352,-0.04347694981386243,2.4431059263706185,-2.154229660905254,2
-0.026521259249060063,-1.1498364596926263,-0.8818746512277178,-1.4837139191452535,-0.27937678198386184,2
1.484116028535965,2.445872321168994,0.35561334878566,1.7731166059931318,1.7863241067956954,0
-0.2789629303318085,-1.4390268490219846,-0.2797601684958344,-0.4344710413114641,-0.6177853667807773,2
0.6659242520544614,-1.7326577495054127,0.4215866106144557,0.6754170113715099,0.12089159688030904,1
1.2816437950037687,-0.5759256962063404,0.5576910607251245,-0.1122793628419636,2.061224105446831,0
-0.13125696709230472,3.07833970335282,0.07685188295876821,1.7413032713536085,0.9592232458581784,1
-0.877982586756561,0.6367202303372419,-0.82688035403986,-0.8132349339815625,-1.2858057358799906,0
0.8294748419317485,0.054354377686800515,-0.19382613877280352,-1.016001117904462,-2.756172586508795,2
-0.32789471651291785,-1.1981967401880824,0.15519068385897913,-1.661991026515516,0.333180620723458,2
0.4577728661518858,1.243252893506031,1.6744924333475373,-1.2750115308618477,-0.2314904875799857,1
1.2657078408647007,-0.595568228483246,-0.8661748482145009,1.1169302780392463,-2.106769836110643,1
-0.46531045678005334,-1.5612135250605397,-0.10594835430413566,-0.7420191418901589,-0.977769751743754,2
0.08531814256502405,0.07440463962870458,-0.8082657216409264,-0.7738509361366641,0.07749671254548207,1
0.5514762752395233,-1.7969766504210423,0.3405892164004968,0.23673323044106853,-0.7519525804511341,2
0.32674476460232005,1.0587048983458172,0.30047435961082836,0.7151031543682871,0.3312311015551952,0
0.16865467196672768,0.08375643800068244,0.44194064956940904,2.6427172916446215,-1.350919600207112,1
1.0391117874202687,2.826976009565854,-0.07576428653545988,1.576470922274156,0.23948937895261302,0
0.975816719344709,-0.8123474500990756,0.9184544439424138,3.4528863769600022,-2.7911742179166534,2
0.6704806172412126,-0.6298437773280321,-1.0718572330401555,1.0471511779473361,0.2994807531948751,0
0.5935567222808619,0.0609924837248601,-2.9403886346642802,-0.9337536713184018,-2.062113004482181,2
-1.7730324682068814,-0.5807383418721677,1.2619215007139917,-0.8034313958418786,-2.657287965990344,2
-1.8936146669537857,-1.4181260997881915,0.21329370737293857,-0.9383055106856262,-0.3552664313844337,2
0.9503075919735757,1.2181647613830373,1.7106133725819253,0.6142359251857223,-0.7263063987788706,1
0.1733416643704082,0.5904335344859215,0.24395319790850026,0.9855986605978149,0.6153671009060184,0
-0.649373038321426,-1.3653236480006516,1.321304032273012,-0.5994323382856988,0.7609693668807787,1
1.6122782579886454,1.0756566744967968,1.3149144535840473,1.5517696407183152,-0.6775043041758966,1
0.8389405004696122,-0.8692930733412473,-0.6172531865469232,0.7895455117169332,-0.3507005813727826,1
-0.01941960588773261,1.3467077453231218,-0.30317978283427544,2.488946121262263,-0.32910081281883485,1
-0.22647889190152676,0.043459221203626996,0.3673655068161781,0.04001719195639497,-0.9649110028699854,0
1.0599363840466218,-3.6256544860258177,0.6170059495766975,-1.7863813490114442,1.9142182084167487,1
-1.5981243518837476,-1.9493827711383314,0.46217266608194285,0.4902701433996369,0.9532457063970216,0
1.0729780477660118,-0.4445953701234775,2.3638724946193608,0.20013642044317626,-0.4395412036054588,2
-0.4363858905265686,0.5662091201695831,-0.10960980392583083,-1.6478271656095296,-1.7007826966093562,2
0.16476084123651674,0.6766950014094407,0.05088770185601806,-0.35664542117531917,0.8662720253840811,0
0.07005216311318138,2.23540716489655,1.1618783026081905,1.5343551915815656,0.08175087097146627,1
-0.4070363129267805,1.1362098705974044,0.6863184569567008,-0.31412234761533897,-0.1888468604009359,1
-0.6414815952229522,-0.31968976333821786,0.43192254467394064,-1.2499761899182589,-1.3796790080808519,2
-1.2111719292807812,-1.9638026347574902,0.7307641190665245,-1.7736262352428112,1.1586779006979713,1
0.8823330623234091,-0.693135436241753,-0.45209033283308037,-0.26330372377516653,1.1262373256204945,0
0.0012054753622242368,-2.0224652074375573,-0.8170886310681906,-0.4009166236079055,-0.9642461617237766,2
-2.5623336587953105,-1.027782615344,-0.19102776260016902,0.577698399025416,1.5352928452156167,0
-0.31905393566661816,0.3504016581943068,-0.796025856803489,2.817770794618493,-1.0069513899368103,1
-1.5178737466808094,-0.696498513120376,-0.3570292008066094,-0.21145294949764004,0.06951632083392534,1
0.28328787154614216,1.1121287991657711,-0.25890497370407733,-0.3139710510586622,0.08753402299601953,0
-0.6176518954343502,3.6287071341738253,-0.31607285602704976,2.418612027086942,0.2814629628707388,0
-0.955122579349353,0.2630473063841545,0.42359906559346105,-0.5395374868808256,-1.4998436599243083,0
1.1260502507721681,-1.2633322039059864,-0.05139372358848624,-1.3368072746823918,0.37584574481577526,2
1.3043402428781525,0.4156172667384225,-1.6624919880356743,0.7028425070027973,-3.042088656733873,1
-0.47383934707091613,-1.0513401875159316,-0.014452270878279104,-1.22119639935597,-0.7282136347035366,2
2.0565435648295414,-0.561984596916846,-1.1308884353259157,1.6590022721626783,-1.086910022493337,2
-0.9006207346478687,1.2071334814333963,0.638391925608383,1.8962953436516723,-0.12209577165927032,0
-0.21113023882769444,1.5989423926965194,-0.987179527151184,0.09771619471871418,-1.4085467224141197,1
-0.3871306497895146,-2.3407671924122235,-0.04541121793223822,-1.0010712665224775,-0.05989123003659902,2
0.26536234939962844,0.9454546605614058,-0.5827586576115821,0.4362920148102173,1.3648526501406901,0
2.412615421612916,-1.8215867624705746,0.7846042878980238,-1.157526443987114,1.9258627314487495,0
2.6443433470170348,-2.932175281569339,-1.5029703283951532,-0.37865622713932123,0.4644236407126785,2
-0.35976864578908574,-1.6120210525566958,-1.3260476860820383,-1.5625180226359552,1.470628655934026,1
0.7408243454201259,-1.2744597407139184,-0.5132135664715852,-0.7000206934468336,1.77856975818069,0
-0.01383774609423725,-0.5606053192894089,-0.6897277740641738,0.23522493797908983,-0.06400981770646763,2
0.007063158628176452,-0.6801860361400638,-0.6603211394734471,-0.3502103387948672,1.1155183443881762,1
0.7833905092825955,-0.6746267044133679,-0.2515388860444957,-0.5511148754447994,0.40630006001053265,1
-1.9792998103757877,-2.3472301973387575,0.7479102561175338,-0.5313308692930487,-0.5130311642192014,2
-1.2391070756539009,0.02409274908330994,-1.46752526575244,-0.06792269976842324,0.9731445950590258,0
0.42588720619303577,1.1327201890755365,0.01914777741575206,3.373957036723927,0.17931423056994455,0
-0.7084067669104628,0.9610858155262324,-1.5137143926128271,2.6724812124119426,-0.42771198303749625,1
-0.02355215087423812,-0.20797806000420738,-0.17435425790283585,-0.29230983314115644,0.2102147705057673,2
1.3103087461196083,2.9144747791605212,1.395683810789956,1.879693024416408,0.5802118633633273,1
-0.01926037973439464,1.5324224787321925,-0.2628908292082677,0.8468819859462683,1.1833266758704815,0
1.2171585208254965,0.4816913922554661,1.5213160519224513,-0.16275424420618967,-0.6592885518647662,0
-0.18714426500454878,1.0941115882789025,0.985729995679863,-1.6161128275812984,-1.6711472055658658,0
0.34767648353833636,-0.8348545544560987,-0.4872285641135523,-1.2756850618329738,1.1357196623152996,1
-0.19003903500149447,1.4582976942233519,-0.3574454228104272,-0.03204501108450031,2.4050860572854704,0
0.7197579421481819,2.1886147909098854,-1.2932729578711637,-0.07977213312459175,2.0275569199084202,0
-1.8751724696457446,1.212068999341252,0.11502607914741717,0.3479251325423556,-1.1847322975563812,1
0.10589445311523424,-0.09265198138200992,0.5844129804724842,-1.5311824524795887,0.878299887486109,1
0.9751976297824297,1.961703897455155,0.5010941699398452,1.7494474664393946,-0.0128293276901853,1
0.8868873900973003,-0.9196572650110799,-0.42076179368105326,0.4562314291631129,0.4693112355825305,1
-0.3917581490438219,0.7015911647764983,-0.9224101844985025,-0.2756634152913988,-0.5085872631799142,0
0.42881650033057295,1.3870966008832328,0.6931056072631441,-0.8299574210175493,-0.20884438824681972,0
-0.22979963057519381,-0.18541756398409903,-0.8514064342603136,1.2880205743057278,-1.0265615061090227,2
0.2935579321666293,1.4664309556112873,-1.356581804623405,-1.5669791550586605,-1.064357003436925,0
-2.6042138566271342,-1.1197854756213799,0.19894814679649453,-1.238789780859199,0.9644591447915865,1
0.5006657213812097,-2.2715832056071603,0.04977368718096008,-0.7266422098330926,1.2605106286717709,1
-0.06717829004935526,-0.779481897076545,-0.7157599891107518,0.8581023788275921,-0.7147135729609753,2
-0.0332299906444608,1.418984397753003,-0.2081168572725397,1.0544589655561918,-0.7825975481174451,1
-1.2995812369275976,-1.6323729774891893,0.8297324178791745,-1.6623584093347095,0.31856405817058087,2
-0.5358014630522978,-3.9656002331950813,-1.7073579575929467,-0.6166725149901662,1.1602651151963737,1
0.26912694124510733,0.06965714191841355,-0.3431922754974105,-1.2309684966771879,-1.6465931903961732,2
0.1764415552772252,1.26703584772607,-0.3670278390833223,-1.152542688080158,-0.7336201249215757,0
-1.8461878622380938,-2.2856604523772974,-0.92951086019241,1.0078488190996133,-1.4771954012049768,2
0.5720574417141441,-1.3959873505607805,-0.062191016999311004,0.23271574365067427,-0.6836350678510822,2
0.020793707675407894,-0.26280085872629355,-0.7280029412291344,0.6208661955852539,-0.719673927847885,0
-0.971656734541286,-2.161578393747543,-1.3796181647889305,-0.5039415314665905,-1.4538927544923954,2
-0.375196380323937,-0.054208905198723345,-0.31771509675623405,0.6387845582567391,1.1023067084039462,0
-2.1218548990085946,0.9723177004817273,-0.6078219870944325,-1.8987636517862874,-2.2916050235795504,0
-0.15589817793666752,-2.2619602738432407,-0.5482872964906009,-0.4805668693911753,0.6652094966839883,1
1.4926885689595217,0.32347864105437707,-0.2711236010425688,0.8826982238365022,0.47342173595139125,0
-0.9993022322949108,0.30882568630887797,-0.5047749212282174,-0.7457297642465477,-1.6741723074596309,0
0.4367385517335095,-2.44961382523569,0.40429475496169764,-1.9976928058240802,1.760715991558644,1
0.39241596717876703,-2.474740662858145,-0.5089636257074988,-0.8679375341857188,0.10646715564882947,2
0.20965941527462578,-1.099313393016261,-0.49163618563204736,-0.91766221459244,-1.0241840696258928,2
-0.5505368494915835,0.051361339649666604,-1.2207124259141586,1.498568851350899,0.06612084543709074,0
-0.4173668136050844,-1.5579889905603492,-0.2950899142379063,0.6706380261439084,-0.8734616758667548,2
-0.8108575112103382,-2.0633398776360234,-1.2575778589146163,1.7801369361388881,0.3019024372861505,0
-0.580053241370043,-1.172113982895929,0.23940450053537707,1.443173307447656,-1.538554612712856,2
0.5866938014752747,0.8201655077505801,-0.47490365662252443,-1.0023071139920738,-1.2593845075228716,0
-3.0195121558208253,-0.9034518809291885,0.18384954475369486,-1.0445256367330649,-1.19240221068415,2
0.46642998243352635,1.0247164778045683,-0.03564148229748357,-1.2621829547949421,-1.2460657207097827,0
0.4200944904518413,-1.0775626957797682,0.606850593215671,1.518390187334842,-1.3362650533750833,2
0.9653974845911707,-0.8671787903876935,1.2361307218062179,0.8801971162772678,1.4700921611595104,0
0.6347214685617699,1.2271902183247265,1.1096998419562232,-2.4231532471525465,-2.5105998732228536,0
-0.3583401520212222,-1.142662156968105,-0.6475418056351592,-2.6155290363788826,1.0815783863407848,1
0.4822489526806572,-2.1122073539098514,-1.2376624223272978,0.5506770228096811,-1.1732942867638192,2
-1.1437262073206618,-1.0172823222971794,0.10855970577652314,-0.9615512007761056,-3.476187601251005,1
-0.09858813228426173,2.1554668106625288,0.018849622944847662,0.34786141698071904,-1.1610718379082452,1
-0.47883745600840416,-1.644339044788861,-0.8627757640431206,-0.7550801101835454,0.96512752671849,1
0.20056919723094285,0.2811537034768552,1.1486373494287152,-0.27158942623594107,-1.1494592344917562,0
0.6222071440434019,2.8766951738826063,-1.1388331177807691,-0.11550772585744129,1.1807447543361185,0
-0.12545426000290022,0.5659961949236809,0.3278795241593574,-0.05254340147371117,0.057469249487505314,2
-2.5302875227463297,-2.2173644368668692,-0.2860042218801108,-0.6338179902979102,0.1414747726505965,2
-2.4242402602729416,0.8943545908857451,0.8840453963610497,-1.6209464283126676,-1.9660641454800438,0
0.5211224283793383,-0.30047849322941267,0.645215585950057,-0.9789960796277761,-1.9866796050848174,2
-0.9273531341905741,1.3039099545920556,0.23836898273478513,0.29832705897413825,-1.6084333437266292,1
-1.6834381922209503,2.3950514300725825,-0.8058700664961888,3.0184117334839837,1.1187309293840597,1
-1.072139011985607,1.805969701200317,-2.9213504834946074,-1.6586498995311088,-0.6690767846942103,0
0.5556044660034485,-0.2287287991976522,0.08958068125524882,-1.4252682215104748,-0.5216396971395341,2
-0.4367197360405955,-0.717572001373548,-0.06613261462582246,-1.0843488327751285,0.43954932233798283,1
1.732514999485092,-0.5500963517896463,2.2313001461926323,-1.2089968022889968,-0.9697908415987823,2
1.100959634998571,-1.2680700397010123,1.9583474542205939,-0.3418142013863651,-1.9874960927312781,2
-0.8224199323822006,0.376207788608117,1.1210306673244714,-1.0457929329471396,-2.467398595342271,2
-0.42924442029866183,-0.16471923000803113,0.5885532697707198,-0.370171144191731,2.257346679877134,0
0.12320480678448567,0.4385740659035854,0.5514853760404675,0.12736477294574178,-2.1070140248242186,1
0.1895816165987434,0.9273817344637592,1.0010460925671412,2.1325546330012184,-0.5632016117617382,1
0.8113965544915921,-1.7233670954556821,-1.1482632887526183,0.3168724427565416,-0.8054770382795953,2
-0.8696630812746944,-0.8055588743755191,1.1254347844147694,-0.5761128061679299,2.3529593446883363,0
0.513907849658915,1.287626895006729,0.17958178193959795,-1.929270920183657,-1.7995158678291536,0
-0.5466800845872654,-2.336124289500928,-0.2716551103260533,2.0020009444395868,-2.3377422790705378,2
0.5796331732135757,1.0032404237682764,0.32579631658216646,-1.9916933803630588,-2.307675348384958,0
0.3230792731160291,0.6242808816530856,-0.2523535021262876,-1.2971133237869803,-1.9235845276133454,0
-0.6947131310890582,-0.8557879913527657,-0.409282438113104,-1.1004629877113439,-1.2483600757159166,2
0.5488838353173644,-0.2738451048046444,-0.25495579355369785,0.3617265622626533,-0.024790850424712407,2
-1.801057734152739,-1.0127291384734747,-0.5426737997340217,-1.0507450442645427,-0.697512592596558,2
-0.1681438185847896,-2.0556519709114505,-0.47209057769712737,-0.868544171542254,-0.6792642756196672,2
1.188913371474643,-1.2531998490480891,0.7083038472010638,-0.336277632600412,-1.7573479191838486,2
-0.6540756831274238,2.0867741834788314,-1.830632896856457,1.9595784956269573,-0.06765845047835062,1
0.7999419019420501,4.12510688690475,-1.616310608436588,-0.1085711365610571,0.4672285311035236,1
0.8901984111247868,-1.6708012947142175,1.0352493347237526,1.1123674100421128,-1.5962300607671132,2
0.7250957868479971,-0.23203092562987304,0.5161782871149584,-1.2211521450696619,-1.4300736446949893,2
0.5345056484805503,-0.31597486961018106,0.8876554258738361,-0.8143507545286663,1.0519099680652737,1
1.9956674897839644,0.08787460121134782,3.109918556005361,-0.7831991597649081,0.48589537489800694,1
-2.1356742139786955,-1.5556640707215323,3.1377485336599937,-1.0318394064533014,-0.35983233886877697,2
-0.535963445114048,2.9600332206935196,0.8080577982811451,1.4268465431390007,0.7325734852472281,1
-1.2504077339697175,1.1566181527679855,0.6045153263553668,1.387675648269291,0.17848617511783094,0
0.0754336389015928,2.7080529580177624,-1.6019658118971685,2.073496764093716,0.7706084772029245,1
0.0005279588565972928,0.7357758936639807,0.6012067489291149,1.3977143952093025,0.8364214576507331,0
0.12267031599479553,1.6402699326944727,1.6246784584695606,-2.107631898077635,-1.4953415784557946,0
-1.111457956937032,2.245017252982689,0.24650477843200488,1.672819420470976,0.010469381372626319,0
-1.0727430257398065,0.42117136417511847,0.23924686411114954,-0.888798053699047,-2.7952117145378335,2
2.9490944253087252,0.0335905788572155,1.2446795807367868,0.8775084832692083,-0.6678334803955888,2
-0.10015407647995278,1.234633415414609,-0.20367375017696587,-1.9374597232681836,-1.9079735535659912,0
1.8005111815108537,0.14961326355880322,1.2389463529394373,-1.1160024640915867,-2.762786083919962,2
1.2969945465611092,0.7281612778622064,-0.022868062298882122,0.28868850785999767,0.21674809397479655,0
0.8712972974572442,2.0185776941446614,-1.3459796802467485,-3.9012766020595313,-3.3290833387776955,0
0.3080505395041023,-2.097876594647956,-0.3916485674217911,-0.7805295229574007,-0.31747054792948415,2
1.617212574968624,1.394615856512826,0.10435593752321293,-0.7147035290630879,-0.052838470481487265,1
1.235782191822154,-1.9964286641844726,-1.0710536796490489,-1.7909959259986246,2.061265093709509,1
-0.23040071420576733,-0.043004877651980356,-0.9242331442683044,1.496271268704737,-0.9210156693404903,2
-1.0065425652796411,0.8201277779624893,1.1398785611290454,-0.6064255726803801,-0.6883494943337894,0
0.11327041053776446,1.1854925589698917,-1.4382779783173667,-0.007033534695228494,0.5375220930066742,0
-0.23401985910698136,-0.08917128637366312,0.4663583744463345,1.3196010183311762,0.9324014464867153,0
0.17521141890851205,-1.0267978877464907,2.98525900260341,1.6787712279897011,-1.613668686630771,2
0.05993263026632825,-0.6530318550997065,0.2773769379581917,-1.2257414980196748,-1.046665657422588,2
1.7495839042054206,-1.06333070533284,1.3814540786904865,-0.1646496852295738,-0.04495350480742255,2
-0.7095798547491726,-2.0226531221457176,-1.2585049106753345,0.3979783884760748,-0.8325577277491613,2
0.8187776437548606,-1.09056489181082,1.5379319184125528,0.9902531469913433,-0.9386741066039882,2
0.840620026504553,0.7347211792582369,0.5467335682013793,-0.5627367104109819,-0.8474518688559586,0
-0.9057323008626189,-1.6632546635540488,-0.6537663386488198,-0.771520642518595,-0.6147890445488968,2
0.37710039390218647,-1.3535967182005006,-0.029262813684978354,-1.212985026181261,-0.6978809386134874,2
-1.5708761520684993,-1.17045339733665,-1.1267674689098053,-1.1959289146244396,-1.0322967278404425,2
0.014273067836434106,-2.9646585797291527,-0.9539394193966448,-1.4301163745321963,2.0841335891551553,1
-0.22485598180807856,2.9460426320586643,-0.6500025808234597,1.5036964024721984,0.3799350441179774,1
0.8071225966373103,-0.6487668914876925,-0.9735461997044687,-0.9199521194592042,-1.3048712096320259,2
-0.4473218956587512,1.0119827363712268,1.281016361735113,0.5532279577858144,1.09965614815698,0
-1.2295495944524168,-1.966659815810068,0.4966992232365217,-0.3592160352670529,-1.3636830690280113,2
0.9694572005267368,0.5229005739022377,0.42719436187168486,0.8215005817848162,-0.9679238582246081,1
-1.7785875840065168,-2.977378672561758,0.31965182591897723,-1.2254913150019262,1.180318652181624,1
0.9218015019772522,-1.6281339906551775,0.4826878872092127,1.1306279468460438,-1.0772998021189228,2
-0.6751782749743815,0.05790310000094134,-0.14451867071551783,-1.406710288053338,-1.1816096900397648,2
0.5555126463422483,-2.4625574540497404,-0.9186865114860944,-0.7369495215053385,-0.46110864320151246,2
-1.015821818978397,1.6079026456996255,0.06167984984797165,-2.13382202590154,-1.575138504619015,0
0.36728731340134063,1.977667126562754,1.8381836767951225,1.3927324408708273,0.08214393274268694,1
0.020886488295961788,1.4119858957873828,0.23070090571868349,0.8852719021610189,1.1468615627343188,0
-1.0872459388628026,-0.4586506718920095,-1.0858251288851855,-0.5172285935884924,0.5354919475218258,1
0.043602446372453724,1.6799382625581287,1.695051040430753,0.6352178720686217,-0.7016735874167559,1
-0.6757080791616118,-1.6092876332331087,0.0341524174880246,-1.0518346668089384,1.0086566324639308,1
0.47363207681145447,-1.1552157979489817,-0.9263811299815384,1.0586133775678153,-1.3125554593928457,2
-0.4646172972983931,1.4561603825768519,0.2011596558728393,-1.684240536409109,-1.2850808485056144,0
-0.005596018829046555,-0.5963981671536792,0.6687416555925126,-0.7661620776614354,0.35470348038020494,1
-0.23086637384476896,-2.3818696329552633,1.4532606633210343,1.4337761821039112,-1.7954812946314123,2
1.0519476177229186,0.6564528486873793,-0.9980606273144129,-1.4462759645860643,0.4965617893976879,1
0.3764095260975166,2.269431939895351,-0.9020515543575104,2.006064708840307,0.8369579194778072,0
0.6191542610051978,1.007741410905167,2.0574954697116987,-1.2120247196202758,-1.2661541883805896,0
-0.17585440443207118,1.906489720406714,1.6614701657280182,0.25834998770747963,0.31040160019141205,0
0.39069592092814415,-1.6130400154939883,-1.326472128311083,0.04711861831187414,-0.614806188357396,2
0.6663125009092119,1.9854468407500292,0.4625912928539512,-0.24209257688261832,0.42335886723115057,1
0.00020706491819709385,-0.4063911943701719,-0.009300321138614417,-1.0408396203159713,-2.2504747790296804,2
0.9531366339132451,-0.3288833659585064,0.2871241652018242,0.5221685495362327,-1.064375602175616,1
-0.6581164890752567,3.746455260215626,-0.30372602877666466,1.1350647722489977,0.24090461965695564,0
-0.3540407109410238,1.3286752928992418,-0.573601772896901,0.1301764821670367,0.36337919117506257,0
1.7388996637975789,-1.6914017315247794,0.9788580507817954,-0.9225991714833535,0.8460691095614155,1
-0.43676423723821745,-0.9181586653006433,-1.6065771007386793,0.8346971752549293,-0.8479332927790086,2
-0.018708756445897416,0.3765865479941437,-0.38851845308888583,-1.4043101200902603,-2.0736320900567984,2
-0.42930222451725997,1.1967748406713241,-0.692420979873856,2.3672376229145655,-0.25716806979077467,1
-1.1225448062444139,-0.3408746569592289,-0.9175028210142636,1.5544533831547074,-0.8877743158864378,2
-1.085150526557798,-1.0966698054542343,-0.8254105299789551,0.043150892199117497,-0.29272164781003296,2
0.15985639199740037,0.2412959057238402,-1.0276751409259581,0.8054331052374616,-1.0942975724557413,1
-0.3839712719523516,1.3385451753279973,0.2502002062516945,-0.5480178293111115,0.15943496305315608,1
0.4395012306202264,-3.7813943185257264,0.7789365035121141,-1.5417986381859285,2.193639524320724,1
0.793488720552213,1.6647837298569672,-1.7485319732381808,1.4157412485833494,-0.4346000609886924,1
0.9983108981479604,0.1684060440919558,-0.4316203127180484,0.09066662541360238,-0.8099594064346255,0
-0.9354387020445953,1.1491886678757133,1.0859821161750323,2.3322222427957193,-0.16535948321977034,1
-0.025574312191994436,-0.5391249971268919,-1.7690759048891183,-0.5759561871782322,-1.8961689470280134,2
-1.803139676255945,0.035432685914959405,-1.5841359430054898,-0.01698293941294815,-2.3100830752949744,1
1.1941094030473725,-0.6321091452829204,-0.9811655311396816,0.007766556767688115,0.7974845851788603,1
0.6380511014407572,-1.7668531896910893,0.5008444749444569,-0.780503048334023,-0.8513389646571679,2
0.5609194479412387,0.5904211248708,-0.29548031802916036,-1.6001974668920675,-1.37430976812155,2
0.5131057981760827,1.8299211094406331,-0.2595466775839172,1.0076989255023574,1.1120763607066584,1
-0.4830610516834395,-0.06563369993109824,0.14679301198554937,1.8710693582423095,-1.8150116002651653,1
0.4818660617184915,-0.3621030369581404,0.547264797377967,0.33725510227361644,-0.15960754982054348,2
-1.090399077442846,-0.3820100357353211,1.41093237974627,1.561054506286995,-2.284611856852072,1
1.4196030045136372,-3.0127821830251174,-0.6004235657387051,-0.9196223907110337,1.0230309565662181,1
1.0176614668435024,-0.05450513470876395,0.271495310825648,2.179076492829383,-1.2963287432899013,2
-0.1891203907770335,-1.798023236080031,0.9216501119244593,-1.1922436886633008,1.4999341121530703,1
0.02538842054241018,-0.54431753613856,-1.9196731561976563,1.383702816558623,-0.8549037499506547,2
-1.1057046684859357,3.147047145663296,-0.21492103028873533,2.2378622764026765,0.9364731674385709,1
-0.25879606266710237,0.06727908615509515,1.598647170504717,-1.4145996252552342,-1.8515501562354817,2
-0.5441140021141926,-1.505213614092213,-0.1627929060722942,0.9111776555873479,-0.021969631543008905,0
-0.33477533210654087,0.7055150013276301,-0.4036484632419967,-1.9854029066668448,-2.780577057394366,0
-1.1939250063990554,0.7076605285365294,0.14294309476370676,-1.4466203682768901,-2.8523336564549764,2
-0.13744851462769186,0.25864218735155375,0.9528745472029388,1.1298580722910274,-1.614917497496106,1
-0.7632861041785816,0.5907825516712946,0.03793783544760203,1.5500024420878873,-0.3657184389647474,2
-0.30803428418574125,2.4673220689300335,0.7796605322693398,1.358806467266783,-0.27384357179936536,1
-0.4532484090230134,0.9318183653548553,1.4524675344707454,2.1390363855897827,-0.4345299921587651,0
-0.622649361734452,1.663735743621829,0.1946074552372427,1.3685703170666264,-0.13877417461060004,1
0.30381859560487573,-1.3296473630099503,0.7215625051261435,0.8056282883745531,-1.0647322381324378,2
0.04091917539572113,1.2808334541782314,-1.0021874557814727,1.6772481895992315,1.094324665692471,0
0.5646059258936003,-2.0788824329526,-1.0196643386921156,0.8643813720688108,-1.4887017625890897,2
0.25373966149457344,-0.9758906512338845,0.4676931717654332,-0.8526192270503189,-1.6942363989921558,2
0.9135846262332494,0.7457586929745288,-0.8031789506803448,0.13335457254868888,0.15741333138766933,0
-0.646227309843803,1.2153195867692448,1.775310892609512,-0.009786611662017108,-0.7507043472987986,1
2.0243096232868525,1.9286167442811482,-1.3631740045928105,1.6431990758235009,0.16739459191207529,0
-0.194908280352681,-0.3624128827447577,1.1337700968670645,-0.8591361455345395,-2.558368351847177,2
