Feature1,Feature2,Feature3,Feature4,Feature5,Cluster
-9.76752058870934,9.480709742563075,6.487488442998905,-6.462790079387702,-7.361530493037708,2
-8.560888578745177,8.734476666260173,6.48925825418344,-4.8082461210457454,-6.589761527031739,2
-3.3276718400951415,7.511521110567718,4.379143671336283,0.8477506761938431,-7.0286638578808,0
-7.431057707741374,-8.789942638350206,6.635979464159112,1.8913842620944263,3.126496691388776,1
-8.664148290228049,8.975563482518329,7.325450832624283,-6.289176931843769,-5.823476424241066,2
-2.4104518454154156,8.883940982211113,5.140356355648733,0.9199109632957359,-7.230308719030058,0
-2.235620219914122,8.290284331594023,4.107298534007697,2.5014862935711086,-6.672123705992134,0
-5.434724903693013,-10.662397630528947,9.652141923920269,2.747451634245917,4.841424631437665,1
-7.53052262798594,-8.308634623730567,4.797804281896215,2.0862570217751086,3.789738652628008,1
-2.7120438427229026,9.06120156314858,6.42204245476418,2.56344430300252,-6.662766154168332,0
-2.0847113789962997,9.954821713160332,3.772237746248727,2.1190315363690413,-8.249498247867567,0
-2.0966272264086276,7.084601531884164,3.9892939946712445,3.0167155932272856,-6.011862166980381,0
-6.704563763385439,-8.429815408258584,7.137150521135611,1.6176344115571295,3.7984942769522014,1
-11.627271391089367,9.581497255344878,5.468559876418542,-4.180403145517296,-6.113048248130211,2
-9.760173100547243,8.290032512049084,6.443565724520335,-3.419054206307437,-6.071638893857973,2
-9.049986091687025,9.582444957183988,6.169801758646682,-7.52672212038409,-7.053887281996664,2
-6.690261757063483,-8.261569690442938,9.185328699168334,0.9456100656390456,3.8118393691431054,1
-6.067420167631951,-8.2604172428445,7.354001765764368,0.5303640883928009,4.655894970004527,1
-0.13486821956036188,10.028818820885618,4.199374277354576,3.555207866904512,-7.267696380948684,0
-9.876203120525245,9.503946522684238,5.121632893537061,-7.170841720619249,-5.763641356022342,2
-3.177599591356018,10.410018064126886,3.330229546216203,0.059392103672375685,-5.938342613090795,0
-5.753992567260566,-9.292572031789273,7.303587520252893,0.865556009812227,2.6286557036585636,1
-6.517453971024778,-7.539589252692214,7.020214453562755,2.4020264218042993,3.8345707762412573,1
-8.92084933244464,8.18610715130162,7.483085481748597,-5.480519992904542,-5.7131188671367195,2
-1.927074828339711,9.902034587791679,5.5342111663368625,2.728167481185468,-7.086793081255844,0
-8.574634373540087,7.823217573806862,7.574915193820402,-5.097616358884969,-7.9000242708017705,2
-7.363920724817043,-9.16978405436065,7.5339934570291875,1.8577371638555815,2.8208983759170807,1
-4.697602569098859,-9.20784937345824,7.528072311589448,0.9907239879940177,3.632153318374689,1
-8.315822667485213,11.289584892790225,6.186756797357037,-5.799187794351622,-7.510165370378891,2
-7.183645578853144,-10.131473080282168,6.722548952495342,2.1919940272161953,3.4613356827159008,1
-7.588188459470088,-10.394226407125906,7.051126944998894,-0.0728572878158098,4.415625448167111,1
-2.2047485031818974,9.271493619178429,4.6638106506939385,2.845083672753125,-5.442270862817743,0
-6.913796120184663,-9.788675939737745,6.452950299236947,1.038027859571672,5.132352287855218,1
-9.476205167259433,11.142836216498567,6.36783316873685,-5.328251670186932,-7.1431569363186975,2
-3.0805777888068917,8.090203290451218,2.0273298235345,2.9235393663376352,-6.063182110199943,0
-5.011957144714966,9.69892832975349,5.030132105211243,1.8882608514448997,-6.642302806391527,0
-5.153275751057186,-8.74189403784252,6.642635633459621,1.0316078462264722,4.790865140807696,1
-6.705470323908119,-10.648286657616715,8.288537876561932,1.5421683671683248,4.289254253287692,1
-8.809036226689788,9.107621940142524,8.059903717067659,-6.158627794048256,-6.724392075282594,2
-10.338913011665166,10.228906893735976,5.631528908211031,-7.368584237711203,-8.39903149867586,2
-3.173425066357173,10.374397494446493,2.6028029012559624,3.543201964483404,-7.181951433227578,0
-9.844898044266124,6.995443108340199,7.073087075720334,-5.609878618828246,-4.884421682452228,2
-7.109092454766193,-8.748284918982725,7.560484331210746,1.5674799189757225,3.3589588227092615,1
-8.487712507322641,9.651133857504966,6.58540675206429,-5.94075190648935,-7.306066047301053,2
-2.4352346589791822,8.496752477290098,4.0409544396687656,2.52854650074764,-7.502497687574554,0
-3.6065434916194086,9.355208326757275,4.553465329396488,2.2488048418281394,-6.600904156180609,0
-9.582817563840559,8.92249177950869,6.546724375973437,-5.343959398837234,-7.461646133888834,2
-5.97993260636348,-8.060218570509992,7.6783013976689025,0.9244378765149521,4.556761018379393,1
-2.016511139252345,9.103159134330065,3.194268863756019,1.129032770422992,-7.222828427782438,0
-2.5671025303905353,9.832770862836862,4.773726490474101,2.419809415457818,-7.092899567117062,0
-1.125181904120072,10.419491434076509,6.0322045897200045,1.0925288654109626,-6.802732242566699,0
-7.87242285931204,-8.33057008632451,7.377511333944496,0.21989132736995853,3.514922034728471,1
-2.8011502938783703,6.359110080634851,4.985396780116868,1.5776532323604386,-7.168764047621212,0
-8.481128890977699,-6.682584593429221,6.192069894846274,2.8586239578597272,4.192718433169583,1
-5.666378155550104,-8.978370608578249,8.212121795829578,2.75674926835183,3.122649727918353,1
-6.841517653048913,-7.382709066554893,9.122794490517702,2.7681014859245794,4.754880729114518,1
-6.359445172741737,-7.991248746650976,8.546023830385584,3.2368095201695235,4.071928945673004,1
-2.2068493327211076,10.530519451132218,4.952337317326049,1.6601459757242916,-8.478750663688754,0
-7.733846127960859,-8.47911835617817,7.880343756273701,1.8119300763031299,3.5666753013652466,1
-10.201670926602233,8.755439740291328,8.350373886429171,-6.861475248250464,-8.02474381856441,2
-5.018793996039552,-6.9517131105466,8.954452096761644,2.9787405832117977,3.5366620089868563,1
-10.027898825115726,7.190446126857317,6.428658189000478,-7.821072512870469,-5.911467311272219,2
-8.158132176712323,-10.482068472224068,6.438359416498855,3.5748620503538175,2.6087244881048712,1
-6.402019596648491,-9.08879579562792,7.3038994296882285,2.850754750559282,3.2347384534287276,1
-7.514714628569303,-7.8425755199546545,7.046624075702325,1.9969111884796884,3.988416677223991,1
-2.278243900107617,8.20534923680796,5.697302345090478,2.0245305434203673,-6.007180033490817,0
-9.047253350591314,9.24471276428403,8.036110227061032,-4.606593869872549,-7.548963009453088,2
-9.381586066838956,10.157135643361833,7.030391378597766,-5.116621460612648,-6.30514965157251,2
-8.89120725817568,10.58065086984519,7.233356032127745,-5.303561879808626,-7.1305551624286645,2
-9.954541653402213,9.842077273457322,6.659994379057193,-5.0435764959286695,-5.097871120272356,2
-8.564894988096409,-9.772050009376233,8.370443043148715,2.592250540205558,4.882917829705983,1
-2.857210709349589,9.212844491094613,3.2055138690692555,2.5541916938067177,-8.4036424328783,0
-1.7419007843463463,7.864493550703963,3.8645427302711575,2.746310539829981,-7.681455034500964,0
-9.698079617900094,9.895682300545545,6.26346948848322,-5.332765309186918,-7.227891726772168,2
-5.887421054363155,-8.292510582073994,6.483642018987967,1.4570154584650938,3.750742896818492,1
-9.584217106408495,10.191366410032984,6.63231706576081,-5.501157443729199,-6.739633036832124,2
-8.027068222009387,-8.952918056943979,7.956790417802279,0.7950404539433182,5.821588509369151,1
-9.240779737925877,10.561705811194873,6.914008343307323,-5.111287251472926,-5.710217482608449,2
-9.180385096569665,9.27322125688162,3.816333245232227,-5.736327070191993,-7.804982717467765,2
-3.2984559517506704,9.757997411969548,4.427717414516475,1.5463008899010091,-6.378178859626465,0
-2.614316127799164,7.019324556640672,3.3396859946346615,3.516237335799816,-5.556363384000034,0
-5.469541588270788,-7.623848622728664,7.60006658239137,2.8217994883683235,3.5209581211517245,1
-3.1326750180377103,7.506132838650839,5.739525812012921,1.795437562670077,-7.290010499837571,0
-0.15182125802004176,9.952124429764966,3.799768757644763,2.1378675113778725,-7.242162216250632,0
-7.453547414818185,-8.484844850687344,7.445027926900418,1.045924963580804,3.2689957165640053,1
-3.280978372546009,9.892959676389218,4.400284328034291,3.182551654627366,-6.341667187459274,0
-1.0566473755903791,9.376300040140793,5.221192970263825,1.3434688266756192,-6.002872541198944,0
-3.7165934546991246,7.943708048521154,5.322502072685247,1.8074466307941168,-7.705212034168731,0
-9.376493035109473,8.577955713791184,6.6248249579278315,-7.393484425659793,-7.996059058850081,2
-1.3294812783520493,8.116078188742643,5.474674255458529,2.269731068269703,-7.917457067666752,0
-8.370561628432752,8.529756013987738,5.9636466181490295,-5.904773241444457,-7.067155205424499,2
-6.740894184631044,-7.6321743609654185,7.7074944680455655,1.7383584239816408,4.562643772247799,1
-2.501891250312118,10.345167456170406,5.628081446732213,2.205465842117137,-6.703446269098949,0
-10.41682555022145,8.73541256444552,4.90139973131337,-5.881259492709088,-5.415054305996453,2
-11.167925621489829,10.776906789503236,5.404021577790279,-6.463298905474915,-6.96121016959108,2
-10.828370406554535,8.503864420151466,5.979442621175884,-5.958152824247723,-6.356632400918951,2
-9.348733573720743,10.302119793976741,5.109186296735116,-7.239494816384771,-5.8345427194654675,2
-1.9998195067166444,10.261613183430047,5.605800844187692,2.0552245550935297,-7.367022215072418,0
-10.627169903870831,9.533915633787885,6.813762959434993,-6.447575757167857,-6.033521194901131,2
-8.315728421489387,-10.751434181815036,8.299906868960806,3.1263493713475294,4.464136904916895,1
-4.0334881562227425,9.812022442776955,3.5007371076382188,2.240912349643993,-4.095849767662219,0
-5.5812982684288945,-9.819245199596308,5.99560484381143,2.702565614159656,5.319266397944919,1
-3.281864765326221,8.925064952604652,4.669862470755259,1.268699580481202,-7.607942341099156,0
-8.462722343043607,9.125221643320051,5.871313776163458,-5.024532989217561,-6.851697653090234,2
-8.043299054329585,-9.57413167167884,7.527195000391801,2.2138211987301406,4.4026896935762565,1
-8.171289701102324,10.079536546425494,6.803189503072846,-4.041280590617447,-6.548541378518792,2
-4.120203233007971,8.865734723191272,4.232418698592836,1.3712010050443473,-6.11937609651591,0
-10.874264887798777,9.485775262193474,7.044788491635209,-5.83660206170877,-6.177808066116929,2
-1.834917154305975,8.899442108715299,4.79491545982362,4.543096523631066,-7.986731645751291,0
-6.272595266126443,-9.782696534179063,7.646768678407683,3.271502002351709,4.652856122940406,1
-6.895302722045936,-7.9752275304653795,6.527082734439124,2.131145865073296,3.042820127722101,1
-10.582490206485739,9.791466266710108,8.061847571635266,-5.427510428621277,-6.733086184775125,2
-2.8285576305864084,8.567602657507654,4.164207488259499,1.1576706106522434,-7.438652684385127,0
-8.628656578233473,-10.095668057064856,8.207623752057883,1.0716164434588487,3.3205427578730538,1
-2.6376097695924585,8.548621356943775,4.6983877385349455,4.321166612391055,-6.474651682380745,0
-7.443758620702289,-9.249258912935195,6.95629869954371,1.315543477645998,4.463901270281033,1
-6.575916673722525,-7.03045159783682,7.674308091253512,1.7186387109901795,2.206175129610808,1
-6.9201981059325,-7.670110034819146,6.460617576748205,-0.2803967546805408,3.7165057957962375,1
-2.7794009417302883,9.961903065859731,4.38975623515359,3.2742221171030317,-7.556040211635309,0
-7.795068661058643,-8.757050913868982,8.906987940882797,1.7155198419928053,5.475461030564809,1
-10.596124012821383,8.28112290077814,6.748458572529876,-7.41297337191254,-8.508303358408225,2
-2.8130620584836774,9.256619814281434,6.6872777573583395,2.0880311521546275,-5.328364336418299,0
-11.254920405233868,10.088433843620159,4.090484432751333,-6.484731190330807,-7.386696167176282,2
-10.20308297924087,8.689908580638223,6.991667978411059,-6.585511669552649,-8.57265227494669,2
-6.618446620579467,-7.690918426444404,7.019299034326889,3.220941606855227,2.2240892394444494,1
-3.78006942992879,11.403322085590784,6.483292594548635,3.336605174892436,-6.050861213546395,0
-9.351728363207753,10.767905821209666,5.493227334339574,-5.6879495910919236,-7.102303524588209,2
-5.348420792035031,-9.48751908153969,7.804085022909451,1.651976866266879,3.327892568641642,1
-9.723564439477643,10.401763603423172,8.982097220293737,-5.560935112035436,-4.406437015316346,2
-4.680063451183161,8.527571632155572,5.974324477092237,2.9547170606708133,-6.548926634087338,0
-10.887426758385018,8.175985234566964,7.7070598629523435,-4.815657664229712,-5.729889115282156,2
-6.128733606200001,-8.09116253237643,6.622691236632617,2.8252018530098617,3.601003404431385,1
-9.618454383604803,8.830491259021201,5.124331529389261,-5.512292789145008,-6.097614357798655,2
-9.984138894815613,9.21857304300465,5.905718551240452,-6.550220590016659,-4.692017764675896,2
-3.596978558314512,9.94376863554309,2.877011907357061,3.11730488655715,-8.198975080288676,0
-3.541826692087045,9.184015412588696,4.729272755373751,2.4612137633194813,-5.299493096076068,0
-6.4175610406284065,-8.598305018950963,7.629077235875962,2.9552968775147437,4.583136479833168,1
-2.874736919885293,9.663372860827428,3.4170052995527946,2.5095057163227974,-7.794318122412547,0
-1.5320176222396769,9.056266192668344,4.502607019130285,1.8490372950590723,-6.139286373203531,0
-8.329966158756852,-9.944635937864351,6.8693333571871875,1.20195641033348,3.3442660893119136,1
-2.9616598553974196,9.79133592310193,5.6854500045744185,1.6310279713353508,-7.805673810362748,0
-2.305374895525283,9.573395330812849,5.512420427658581,3.1275240223496557,-7.357008921726591,0
-8.565420532037887,-8.523944262581162,7.321439118078519,2.436842049243964,3.3891475305944336,1
-6.24714784176612,-9.287903794861291,8.341024144582885,4.685482584983999,3.86591031577436,1
-2.467063541310821,9.52887511888886,5.844513908803926,2.824523948541242,-7.499990913686822,0
-1.1206153540124622,6.354934771148949,2.5615021813091583,0.7325296062531612,-8.057155556426206,0
-6.522183864584178,-8.445064605252332,8.004967995855989,1.4428369607941054,5.250461537705682,1
-10.095385729607457,7.729745491328838,5.320537864543385,-5.675744067697247,-4.84990268120521,2
-7.838728808811452,8.383778166071886,7.431723059589782,-6.718715772263533,-6.333339083322863,2
-6.910997228847527,-6.834920489453905,8.286488444612832,2.3299209903152276,3.712530728311113,1
-9.768380798468671,-8.545058442502507,7.60682233393886,1.2290183410305022,4.701564267604035,1
-6.296309217119656,-8.294828653846668,8.407132569404174,1.1717437762019802,4.26618685455904,1
-4.141415702481269,9.295250449116521,3.5814934333810493,1.4602553089693164,-6.7090329875704064,0
-4.7395275306786395,10.065879168869987,3.796333873982631,0.39291774719720496,-6.86357377250734,0
-4.028377606038927,9.008949657361658,3.981110010446745,0.2836124578624619,-5.89250499102256,0
-2.408380200798698,7.384693142221995,5.191742491537602,3.9787437295806853,-6.16203561135822,0
-10.939755878975923,10.068416940517224,7.325819203347973,-8.026714045549781,-7.29978928826476,2
-8.832256792005305,9.332649436458881,8.630544622408465,-4.184439182331628,-7.691596918291736,2
-5.890740154993815,-9.345435650768618,6.152481061322849,3.230109543325178,3.8448015266596807,1
-7.414257942964044,-10.461373650101756,7.886868378003727,0.9215209520274907,3.450152931160371,1
-3.0246332851452036,8.41403227809241,5.58731865727474,2.264203685202914,-7.51518693142591,0
-10.311772922954239,9.518953849429353,8.196422911037361,-5.990912911124118,-6.171265891662757,2
-8.591216358589417,9.806073825615208,7.101384252367921,-7.153637346765245,-6.156725876023571,2
-2.818290132249672,9.81809917957458,5.253720177703526,3.33105047204072,-7.31293059805383,0
-10.554622499849083,9.548333159611271,4.943974261876112,-8.030208993967527,-6.222672229330238,2
-2.5564622756817594,7.456333810521654,4.239497476044783,2.472907304052842,-6.3470320817807195,0
-3.9432864922852744,8.822753304285028,4.697352839252398,-0.30963280610006594,-6.981576703631126,0
-7.196207461712474,-9.579160164603714,7.3092338841087345,0.43089558736788725,4.726152618457065,1
-7.611986678906164,-8.642917471639377,6.260890138082601,3.0111829721731938,4.784761362575512,1
-6.67945778932026,-8.475756941609525,8.691944869971378,3.2104459695711594,4.6981951789333705,1
-2.406849940503083,8.581676847650309,3.9806965337916234,1.9771069883721348,-6.401873091717743,0
-1.8089546696903311,8.881986684255859,4.566267720436195,1.690948494953521,-6.584149666728087,0
-6.7117144008007,-10.029617895923817,7.386208312385576,2.110946932262188,5.883580161605879,1
-4.406574605541408,10.294826889875786,4.024745158456771,4.084487325556983,-6.192778678385299,0
-1.3801281855176075,8.93387035448933,4.174428653824048,2.859687096509786,-8.28478711351573,0
-6.108670601360123,-10.7342925979433,7.493821277661097,3.0552641820169812,3.9665063474919506,1
-9.484765975444558,7.235977822322093,6.630294810242368,-4.677071473794464,-6.762612508060737,2
-3.4636948850141707,8.263106703534394,3.509450783107571,2.7431470438715255,-5.611237668747368,0
-1.4667060057133292,9.917818618824164,4.658879167290251,1.4387532302672268,-8.374681061965607,0
-10.237701807827696,10.170291832215176,7.760431473140404,-3.8185117880010866,-6.293753807016938,2
-7.508038080029896,-8.822641042840408,6.5947912341243,0.4880016084797172,5.073886805180075,1
-6.2237487234473985,-8.004520417476646,6.895767228451951,1.756753396845752,4.644877044035512,1
-7.604923879232239,9.947427839741534,9.283074859658395,-6.55832702632077,-5.405618427681011,2
-10.333094320810478,7.701099658253634,6.003283387359961,-3.0751079127960845,-6.84915183194866,2
-0.8578466365732602,7.687454362062424,6.483594633979948,1.2424282807110785,-8.1595469244144,0
-2.5850013680809356,9.98724966195411,5.435474300124043,3.4686039368242056,-6.54144593915795,0
-6.727794079699322,-8.458845699470503,9.13502772809222,1.9396524498259866,3.3324346362625463,1
-2.7465895842594192,10.886291808670626,4.620436695328554,1.040578027379651,-8.17456966563113,0
-1.6759737454320085,7.687747112088562,4.277987864995097,1.9035798610277217,-6.394311194590816,0
-7.527350231263993,-8.897209566538734,6.695038051602657,2.624777444303658,3.4524178442562037,1
-5.967109373001647,-8.534201585966201,7.589421395312551,2.8598629382225482,3.3478061998612345,1
-9.950121453316518,7.594415621461708,6.293865531895148,-5.8466518573514765,-6.1345182307969095,2
-6.35881430268019,-8.83251719809356,7.5885789603390155,1.977273412035309,5.3101850388503475,1
-9.06606643283594,8.581793057138844,6.840359754801167,-5.684847157124216,-7.418887672950476,2
-5.7904447282594855,-7.304349635786443,5.0744271874427636,1.339307904513053,4.220593678193331,1
-3.610449527899862,9.501959403121615,5.387246867839903,1.6824773759096887,-4.824534582529798,0
-11.33215823071685,9.517215449293861,5.12353372577498,-6.88703338152136,-6.581536534056207,2
-7.400660239533932,7.503723974402922,6.085152640950534,-5.83625138992725,-6.564249819410851,2
-1.222929009648149,10.076495979112034,4.186134527691659,2.606111317734197,-8.406179052849016,0
-6.37720918836181,-8.512053085789326,7.353834572993045,1.9279284848287945,4.075558306203117,1
-6.427574701454612,-8.971907597941225,8.40938925736651,-0.07861862658774221,7.099204403088683,1
-10.207865789105636,9.552028959318143,7.415320184120032,-7.471011882242738,-6.07863201236757,2
-9.58034583143662,10.401906567050563,8.836341645382642,-7.043582270977312,-7.0124145371304865,2
-9.487790019575788,9.985928695719828,7.840811672125552,-6.345484317259592,-5.957023178619569,2
-10.286914949680005,8.527679937392197,8.353866963215467,-6.054021098651406,-4.748523836946839,2
-9.413492345275174,9.562852198598454,6.259451272978237,-4.162312881529959,-7.466524111328486,2
-9.064045436440782,8.889001802754422,7.426384056823379,-4.377351613250521,-5.350954654804151,2
-9.60805920761858,8.911617152566079,5.852682111314691,-5.414224101125231,-7.121492878376661,2
-2.5137604520430465,8.331943527078167,4.591683350692288,3.2443079099216465,-6.108764089687231,0
-10.677390230231756,9.242375568910782,6.686714731017386,-5.1686451584849085,-6.3596975797348,2
-4.240070726818318,10.458624920180132,5.525942396474255,1.8360918628988792,-6.679492771977848,0
-9.729238028361571,9.714737369848518,6.838513693071857,-7.358682876153523,-6.802506606729216,2
-1.656951134022482,6.693548754220191,4.409999264781715,2.601309697421401,-5.609501644575555,0
-2.523915881687687,9.810691557894648,4.358493729677015,0.3084764877457242,-6.885826330825142,0
-7.373572409639962,-9.28331107800987,7.599033477846956,1.2237549192579933,5.97343168005578,1
-5.817708083400826,-11.072754198950213,7.558722744353404,0.8667321867584583,4.4806748981164555,1
-9.738916033520795,8.684443186969235,7.7591551779912,-6.936623974701008,-7.9923908394325025,2
-2.4815066914365373,9.141651606735477,4.278455996801124,1.7346763165566736,-7.337737093982646,0
-7.109512196006299,-7.887825001353385,6.980547087196074,2.5278020454756667,4.132526671746039,1
-6.156495974098167,-6.5379176711890405,8.398955978603741,0.12312384694870815,4.239880954939552,1
-6.231473258554986,-7.851018857379385,8.445376104925552,3.332844059556389,3.9390387774653433,1
-2.195335659582616,7.332465803065093,2.8812798362339542,1.1005390565697213,-6.085969249170916,0
-3.1351905533071505,8.63237590582956,4.226427597410401,1.1445859129219966,-7.424796390483114,0
-6.518433007852291,-8.334591710423584,7.905918875482766,0.9517058966285736,3.27170545413434,1
-6.126805324198298,-10.188576168578836,8.818656661016115,2.235930659292686,4.428032102615846,1
-2.2222563618284523,9.179480508318898,5.208815510697743,1.0983629701960305,-7.280000064318823,0
-7.839085911556797,8.379947398911659,5.949614598723308,-6.24557586042799,-5.8207962578812635,2
-10.575096159823495,10.880219536855677,6.395597905983226,-6.967677067187139,-7.32790491046968,2
-9.39098285148874,8.585469086321455,8.147435388020304,-4.505460952358261,-5.17358925861682,2
-6.052259497313528,-8.845370555560747,8.635931537241335,3.138202288229537,3.512185977844984,1
-8.607456664946476,8.655967523048252,4.487292482689242,-5.497644132722108,-5.374831486499985,2
-8.117930537363062,-8.3139650093831,6.588612501020903,1.6681925934161888,4.614989389666085,1
-6.900775748386991,7.588164639967307,5.9609189491712575,-4.279161733946397,-6.715513730711462,2
-2.226165417657534,7.664822556772798,5.22538229708668,2.6865692741461777,-6.832609978027525,0
-8.642942077118642,-9.86496849137174,7.570600293305007,2.109631292779585,4.863858125071975,1
-8.16260821439747,-9.804844782571003,7.740713379881267,1.3336334799012324,4.098794599718464,1
-2.8613706066523408,9.256806553810842,4.81972425495616,1.6383174115646186,-4.904599837520489,0
-5.592127119474008,-9.261139717721553,7.58418574864911,0.6217922745892326,4.881288846792299,1
-5.789063491111279,-8.949061185716706,8.256401999827325,2.8954587834833245,2.297120027611814,1
0.22522453600899128,9.108051558350269,3.2334735690465526,1.9386400278459235,-7.8426428172173965,0
-2.748376289082919,9.837391103943329,5.532289656043313,2.0687901298301243,-7.764443133069255,0
0.8630986305739228,8.093895323130946,4.2412404462129,1.9123055964659859,-8.298377649742672,0
-11.214629468045535,8.868259273777397,6.873478601397455,-4.911689444394717,-6.981137265252235,2
-2.978345343247685,9.541223540830112,6.260412281393979,3.543664319201871,-7.883385082714641,0
-3.5704602559993406,8.359912782085306,3.8666538657752785,1.622380438767863,-6.661404458620174,0
-9.050248393902143,9.356516240849992,8.666760779841674,-5.536900904865976,-5.309888256614327,2
-10.672501505106275,9.867768861588319,7.362956315728528,-5.907043813632844,-7.236430332597553,2
-2.629048542418349,9.128015588411301,4.045362783503852,2.561498202401374,-7.19810570180161,0
-5.93228379043873,-8.156293306592083,4.549960052585255,2.823236874493638,3.7296557672807027,1
-6.126783832898705,-9.966154977137316,7.88780030352544,1.5200445186700517,4.3730465263013025,1
-7.715871728296856,-6.624076233173735,7.027505688168805,2.148749257687638,3.473514168457082,1
-8.133457786397832,-8.48968341230179,5.912698417410828,0.8478297080974588,3.63367469167497,1
-3.2456097953103966,9.593790529748176,4.09259899989058,0.7451156648171078,-4.505485447750674,0
-2.334364611061279,7.797431235839083,5.689226228548967,3.298275345454933,-6.145126126271224,0
-7.91082709607747,-8.888094266285096,7.698500853838412,1.2649007179658667,2.8031803591975564,1
-3.661762994712765,7.513517734991147,4.8049016343374396,1.117240766111364,-6.919263333190889,0
-3.054119858011659,9.986108818371058,4.608920585591528,1.6374546110541612,-5.533582983686553,0
-1.8886494070910151,8.853348751335258,4.2516144372514875,1.0876573101118834,-7.236372216919464,0
-8.000931958796334,-10.437464243083022,6.916799832452119,1.9339575758550807,5.082801158907405,1
-3.022162940688372,9.724395368562275,4.732357707779198,2.6032446225417396,-5.116689718848042,0
-8.50383053101088,8.820666949732333,7.1289989522308055,-3.0223505532109094,-5.986149953094758,2
-10.018466749675788,9.447775563724592,6.487508604356642,-7.1658862046055045,-5.150184246672346,2
-6.709612358235516,-9.063474283986032,7.521101837550111,4.487177870721859,3.8613112715284172,1
-6.304640925781516,-9.091013444636975,7.715607445199573,1.8334035470797003,4.714524832361389,1
-4.961462224368484,8.112992309533654,4.531250172139246,1.9176847256430583,-6.620237882151576,0
-10.28149694132037,7.562539410377849,7.82009860532998,-4.167571293548744,-5.583933928617606,2
-6.628803952469566,-8.839878262471913,6.938681033551577,2.4862725177876346,3.722864349663613,1
-10.214500146305518,9.413576024611991,7.603949195449912,-6.786087015021531,-7.2219505962326735,2
-6.610440235878876,-9.068384192232394,8.031238456748323,2.744840315154253,4.621380581743053,1
-2.438225207413004,9.453613268301755,4.531380947664588,1.4867369178883714,-6.67202892986555,0
-7.751243357313463,-8.434937733281933,6.3850550052928545,2.6665683943734773,4.438020708515837,1
-6.876694842097536,-8.02057506075996,5.8341298558493975,2.04694233329276,4.251407704047699,1
-6.931753748441031,-8.632641381675326,6.945068863652244,-0.8489824280932856,4.000546647871716,1
-9.794037704911924,8.748180374569433,5.986721970540836,-6.351026172919837,-6.024686055047251,2
-3.5307498177283483,8.8525307418008,4.106230032385614,1.9676418216206057,-7.109077644983227,0
-3.8777877385946073,9.549777938173527,5.700325650338569,3.5145406808589144,-7.707520270066984,0
-0.19947486764656341,8.350389214651656,5.806981750611738,3.594278241728447,-8.449587528808614,0
-8.816288552080529,10.929520787819355,7.570100500918781,-6.295590107873273,-6.218632991200432,2
-2.0515211686239114,9.0839387927172,5.623383142586566,2.4467970716682967,-6.825276613212699,0
-10.351741454233956,10.271116230010673,6.018947561290023,-5.908142388270753,-5.66276437072509,2
-4.301242723187965,8.567512616408413,5.844801758006676,0.7765092147272099,-6.108948861628159,0
-3.005166669379221,8.846171232573028,4.266479567851532,0.7995994769286068,-6.083720686303796,0
-8.068022401918011,-9.191343813361573,6.286946999142406,3.335368750452891,4.2119873715149145,1
-1.953075824518785,10.05814673911698,5.1663269975627975,3.3370562083578372,-4.340464474881937,0
-2.8095581111413788,8.209499211537997,3.6337629431446055,0.9222577261125451,-8.81330549225883,0
-9.24879563026511,8.752425692603317,5.738148992943703,-5.661353040785984,-8.248700707879104,2
-9.957106050761787,8.919629801223772,7.606580469670446,-4.716170497694547,-5.62290978775494,2
-9.82507871704801,9.135218239459208,4.813141541967415,-5.4231527856218555,-5.743574323462183,2
-2.146721164247448,9.58563363852511,5.6104026562413125,2.715132700470197,-5.4029685657216415,0
-6.000517005289581,-8.231196655852392,8.634681801816809,0.76971122249868,3.658989069010292,1
-10.048573515667274,8.262736149541755,8.108584691046376,-7.473320337382296,-6.961926591201548,2
-2.8282546441190934,9.557769281162098,5.6747997633087,-0.23493686773314515,-6.518848766477841,0
-10.886436999138581,10.9763038511514,5.4788351654095235,-4.904655751958729,-5.724982795263502,2
-8.542413398588081,7.950140671199197,5.8061102259934945,-5.11343045463894,-7.088769633819059,2
-2.5084985054955755,9.172542109151689,3.962312623494394,2.1224562474132096,-7.66217089638575,0
-2.497051113979525,9.945220212172401,4.1166907426409916,2.9223126717217305,-7.118851989021025,0
-9.810171017879258,9.819881511504331,6.213630583207808,-5.0026309325987,-6.167525621993385,2
-1.4606666845451497,9.35790471773354,4.263326185205836,1.2679589476109507,-7.583247254077716,0
-8.297941991889282,10.205728043058695,5.675610502635902,-5.3940347372423965,-5.795558912782856,2
-9.779357804030981,8.849757371412895,6.755640009482609,-5.887986365549596,-6.333309868647833,2
-8.974230220939724,-8.249270809230143,7.662243418368338,0.3234510350605302,5.618647315877155,1
-7.426616987784701,-9.354044826569012,7.621505151876155,2.7832049780210832,3.9619228825915003,1
-9.565171390985784,7.745278345401002,7.8519654624392405,-6.6078907314058934,-6.02846353059552,2
-8.698393781518783,7.564855878733454,6.620768950415456,-5.417979099364528,-7.3109927908317625,2
-6.598930031006494,-9.763948606410377,7.965210352653353,3.2469273220905075,3.5780935836935606,1
-7.281489350608173,-8.300305401839166,7.371476965781809,3.231282178970641,2.7199573078572934,1
-4.0330736206686115,8.586240064022087,3.897471999108929,1.2698258822333246,-9.01924784722751,0
-7.5308231306210365,-7.765240411225697,7.159562035896782,2.5695161729211797,3.244291750724873,1
-2.3392247201454417,10.167531314626778,5.6664586827801795,2.1392578164488834,-7.900010438413425,0
-8.702506976482232,9.628206567002723,8.754055217216447,-6.866272213498188,-5.141700103339175,2
-7.76615204760762,-9.681588360929753,7.188280019866672,2.502359814950859,2.7959895337287284,1
-0.7445106887900315,7.772784897249199,3.8235734271732555,3.2889361922228915,-8.632734238089485,0
-8.97970267172721,8.934928087579054,6.429409004363572,-4.298196563671313,-6.36041652903296,2
-7.132489636740396,-8.497727737536152,8.758704464688755,2.586703222757442,4.517002185595262,1
-4.9659446799162295,8.203780281219103,3.7353369524410303,1.7862645613803232,-6.927418068524808,0
-6.380472492149989,-10.134703675899852,8.472942643762417,1.7213962155028164,3.886128332415479,1
-9.854079700577934,10.831619463065055,7.17692118375467,-5.2645258337252585,-8.18280858452271,2
-9.925207939667443,9.812895571970772,8.140772462353707,-4.587411767226092,-6.567955635543212,2
-9.215875467101739,8.608130718104608,7.843526960336457,-6.874598424509262,-6.765567400374659,2
-3.5112443466814844,9.294043477985031,1.8989239917683998,1.5145504069977331,-7.186343590473087,0
-3.0473392847157097,7.667608030836975,3.759287570180995,0.8426173792591651,-6.745198308523248,0
-1.3510109701207225,9.271402998254601,4.954391732091273,3.3450318174905087,-6.704073897196437,0
-1.5994594480929334,8.81182860236677,4.700775443345262,2.620332380727776,-6.753532363327241,0
-6.001466083549904,-8.076129355843799,7.293632441596404,1.8479865298294278,3.7698867495911044,1
-9.359733586566053,11.200361851671332,7.031953028081656,-5.272913133421178,-6.932884356006115,2
-6.888387667825996,-8.143566725789471,6.262696119664607,-1.4585085938959081,3.291228313777397,1
-9.768799903015585,8.61904539131159,6.454521270588107,-6.6394381300438825,-6.094839229174215,2
-9.868183200249973,8.281055716363376,5.636757930210859,-5.3766437712953525,-5.553642814220961,2
-8.731693009458274,9.913239716516074,7.3645110607663264,-5.331837975336394,-6.957340818104626,2
-1.8421415195829587,8.315139550106405,4.631061789982294,-0.11684806468954756,-5.1091956745845515,0
-7.331519250876585,-9.27438124428589,7.606066441605496,1.3144475581209925,3.37973903530894,1
-7.070103980458326,-8.389937463020148,6.734759379291908,2.0315919873950885,4.300794149542173,1
-9.829724524504158,10.350157406749688,7.750008578255722,-6.1631782902872505,-7.1105787351596295,2
-6.380582608180538,-6.549645687838338,6.279550075500445,1.813339747532145,4.032944075065103,1
-2.819921887669944,8.387761945509778,2.4477487799861226,2.824571776319561,-7.867563036947812,0
-9.019829888809353,9.503506364118973,5.060388275590878,-4.96028293294137,-5.393107266011136,2
-8.742708599617,11.238414178081877,5.903379323946321,-6.697068491858195,-7.458087195410917,2
-9.673199932586304,8.154873114833787,5.687364446352898,-4.92236546215511,-4.971028492915415,2
-3.043860364902814,7.225789623217825,4.997183378164736,1.5586378785508406,-6.799428478610455,0
-7.568269283376219,-6.366048294363351,6.827656737491418,3.045821757329836,3.067822609857514,1
-7.139360035856172,-7.604640835259975,7.972447126005699,0.6303038976761655,3.323064064803024,1
-6.505829537698641,-8.925172533766203,8.130816040309787,0.7765341757644766,5.269172006202609,1
-9.884577557592833,7.791820037630705,7.428086850322043,-4.703107190325563,-7.227451877278794,2
-9.50034129303112,7.006922612215737,6.573976877801946,-5.2990346192446385,-6.898233903417579,2
-7.914482421199544,-9.549087860185189,7.397293023385589,3.4195266574229386,4.21846469229196,1
-7.892921655631988,9.441976805953775,6.393011679105344,-6.080335983023289,-7.987055893881121,2
-8.094653083002353,-9.37223685795281,5.916378889283787,2.095296990837533,4.941529735637491,1
-6.261423045428041,-7.70900331909651,10.288533267219425,1.9256713282409548,3.2282381482753113,1
-9.05547681328715,10.447166985831057,6.1820496973159065,-6.4212884385322475,-5.357965429883428,2
-9.3992176202449,8.292843725687094,7.431035423964196,-4.909845164277418,-5.804051579862951,2
-8.413027006259902,9.630352992981921,5.445720213991743,-5.759569343207346,-4.801245523907566,2
-10.589747190589028,9.59140446595408,7.968497310485735,-3.9339946031347557,-6.323564258643297,2
-1.9852449559449563,8.426199301883768,4.506477978336557,3.044166151145987,-7.4624277925642675,0
-1.286026672461293,8.330854338068198,4.130021258728126,-0.5114418951450825,-5.959799681003607,0
-10.237641426004345,9.481319508896567,6.18174940921766,-6.487005760219841,-6.32743726438836,2
-8.529825570553626,9.60149998680896,6.364169780335852,-6.191327610678072,-6.223723686091752,2
-5.713806846039157,-8.269886750379856,7.923117028780197,1.5151771748075853,3.925096818831913,1
-11.547700340174694,10.130846403968969,7.50431282469108,-4.465893396282336,-5.892522152151208,2
-5.4826948902155745,-8.913471923446027,6.744559660304533,2.085988628515792,4.633412889167518,1
-9.159997151610455,10.297332756927378,7.551322038510219,-5.538766952462836,-5.62919598029649,2
-1.5986335006816697,10.069617124744736,5.293513097563425,1.0991955644556355,-6.882923111478624,0
-1.4028685182243075,9.785924277499658,3.9165397537768674,4.407017762343148,-8.649870379493162,0
-2.067080957739277,9.26453006077197,3.5001244080713954,0.6317245261410345,-4.992799079027034,0
-5.087187001945074,-8.614372478546276,6.518151088448359,2.6187425744248465,4.432426094767101,1
-1.3472603053059755,10.567145904037647,4.200360960753824,1.5652543311694362,-6.618004135178804,0
-2.305495824913901,9.30412839236679,4.385057567855736,1.8232917171782703,-6.351862430219609,0
-11.114581110806164,9.430772620648447,6.862756684209917,-5.942631457416026,-7.903748287889064,2
-1.957460612587676,8.304158170270838,2.8522072242963192,0.7525995796588776,-7.5488299193324835,0
-1.442999078955012,8.055278031771543,6.021883440400044,2.878291643897291,-7.483531563635799,0
-9.826253661431025,9.667221111377419,6.892489863035957,-4.3664597203033235,-7.359892345025055,2
-8.313718238790436,10.208259347292577,7.724028751676894,-7.121922329994145,-4.815500901933969,2
-5.800040592953782,-10.539321308574763,6.917030038802441,0.7924308566233611,3.983711234433503,1
-3.138672583977001,9.61200659511093,7.199366867265894,2.367402705820333,-6.757408025928591,0
-9.22318470210094,10.369138374616748,8.251106041615346,-6.495223922092117,-6.7814641596966325,2
-5.8417208375413345,-8.33290366341931,8.632995811849415,1.4541579050298412,2.330683107526043,1
-9.807466133797012,10.625917920379065,5.585450809437485,-6.6266274205222855,-7.624955489513097,2
-6.329072291033409,-6.991701255805538,7.545805632956987,2.1827764418630213,3.2242235070870864,1
-2.3253142711475925,9.11438157077802,4.549651172171892,2.7542429515571847,-4.340936089413784,0
-7.9697026915706,-7.207201904354139,6.551894593081824,2.318928554540351,5.166594129198927,1
-1.1052388843934566,8.99573532368668,2.966374214237878,0.9006378495050744,-7.87221337055446,0
-8.442920925536598,8.86664010599683,5.754502903333033,-6.437177288233574,-6.899113994283399,2
-3.402317896681973,8.679468880803588,6.20025897736098,2.1017206840118132,-6.330050846088603,0
-7.045508611419459,-7.532357839308822,7.232353795942516,-0.21774966365532755,3.663089163728462,1
-7.615968042598782,-8.754980685642767,8.204807696931471,1.0488534934646996,4.156054179559375,1
-2.7782920609817006,10.5033313020828,5.517704004708215,1.5395193571688848,-7.22193582977567,0
-6.474492000135568,-8.123320742834869,7.8259395476857305,2.8797461665815813,5.169972380699491,1
-2.1914305906156315,7.4020588210237985,5.585260526315668,3.2395765393136067,-6.502330925690861,0
-7.990509110571967,-8.271272239247907,5.990365604845048,4.437091233522807,4.241444936480052,1
-2.1053770643734446,7.922895690904851,3.822877396967207,3.4829409964003553,-6.477592711104348,0
-6.812611057400938,-8.640761766463628,7.7727513504184484,0.94563972668651,4.829859516863274,1
-10.251023885946882,7.368523175500304,7.412443916628291,-4.496157829745384,-7.881949599822728,2
-5.433605657329369,-9.352969305854158,6.213299528989103,2.300283299606884,5.616262200912652,1
-10.241206886495513,8.020496270123033,4.790860774384031,-4.921868519371222,-6.544978985437184,2
-5.9822210545156045,-9.04489492506734,6.612650985087462,1.3531791537515327,4.2356577697210644,1
-8.656330359124375,11.211540995222661,5.991420658455298,-6.185455625599103,-6.526821463141886,2
-7.781710339311519,-10.400134618031482,9.325260018028839,1.9169083094268493,5.942280768887551,1
-2.119848709796627,7.749167014275679,5.7318711005857725,4.751482725493172,-5.685987466868953,0
-2.7682262677916407,8.439576920584923,4.2183806158882176,2.312990648127376,-6.887007341095843,0
-2.7384136746063423,9.828150036321928,3.699465061660199,2.207821689095818,-6.626871683613383,0
-6.244712661061049,-7.548571228260636,7.06212299054358,2.1428001936534766,3.132777222791825,1
-7.283399095249067,-6.436301474800555,7.3009198260538835,2.547189013528126,5.943076646346276,1
-10.228074641528083,8.395725111633991,5.547059618088542,-4.50343708503087,-7.878595998813638,2
-7.819193413820665,9.036433974403073,6.928974204977885,-6.418703201124693,-5.490331225164522,2
-3.3076366704698037,10.355598047898456,3.756101047363833,2.5471366431424074,-8.633200909059957,0
-7.497556205735044,-10.75043091772087,7.720361581347508,3.5368177974537574,4.934534745098436,1
-1.6242071558660847,8.549756379553354,4.017641671321822,1.6176810430243722,-5.9276160973045755,0
-3.3763437791023034,9.631926973709467,5.856949633208211,2.199457953439607,-6.032225758574631,0
-6.513007326487879,-9.364133143948967,7.1924845084997076,-0.012940005761328255,4.893575163253981,1
-1.752846053765369,7.601261782856544,5.886573572757689,-0.19670800310012648,-8.633096607401933,0
-8.969821733627475,9.190719520556014,7.277478048849652,-7.022612993050082,-7.05917203370619,2
-7.754929973352065,-11.114701265228012,7.608412808070902,2.2293940970971273,5.3037780104592605,1
-11.72857599286193,7.997523052121323,6.6631848758525924,-5.335544087950691,-5.516503568168529,2
-11.524425427762573,9.524044012859243,7.677535426704828,-7.069966633256534,-5.6398900686291125,2
-10.30080430689219,10.842617431393577,6.588563824616824,-5.298422616792096,-5.589369194238623,2
-8.133917827069205,-7.461524263757081,8.100539011255993,2.423925740355649,3.475841274839101,1
-6.765576227060483,-7.888182285637178,7.125569788930373,3.3395784615953614,4.562795182945699,1
-7.483433158497659,-10.4251394722311,7.1892548121411926,1.8630763567674655,3.192251945607143,1
-10.733848332082871,8.034824418518728,7.3564892397169235,-5.74417959992217,-5.29862391656775,2
-9.75661834804602,10.62460218711027,7.805949201472394,-4.577042681194557,-8.09748418527534,2
-8.344457181497637,9.29517384184267,7.87398516417631,-5.715267350144031,-6.227956063699358,2
-2.106078295967173,10.136963812996342,3.1986830757321028,1.850258377389277,-6.954930845906393,0
-9.067341948509123,10.91853628054939,6.154071870241553,-6.047482658228033,-6.891537653710943,2
-7.2405829974805425,-8.326912255706057,7.640994850229793,1.9903817402208137,4.100408130450913,1
-6.78335969831683,-8.947877048105214,6.719510640573576,2.9069070247268685,3.2422714172001923,1
-1.6736322247028463,8.123442785747244,2.3151591747757,2.153700525746163,-4.23605560775272,0
-2.6669215813068536,7.65922817268039,5.672479240246078,0.16303835894471597,-8.792333708215489,0
-2.0081642795354053,7.971801253971183,5.9178056654662665,1.7121424306939366,-6.7446424703315815,0
-5.312004798557737,-9.36440578884797,7.309503377241114,2.123944522553686,3.0304251644289657,1
-11.154659847048043,8.054082572876698,5.045592349192486,-5.505705869858272,-6.213095217681824,2
-1.998901233470427,8.856184638128124,5.446472084141788,2.356783637757503,-9.249348600635717,0
-10.453349340432943,9.459312652607274,7.1428046880021565,-4.791796101066934,-8.188224702758728,2
-8.454686642224901,8.335899888073513,5.450569430261277,-4.889621127187887,-5.783857426535341,2
-10.349717657368757,9.590490021381783,6.500629938416665,-6.631700622982547,-7.776036419278991,2
-2.8567243568257052,9.84342481278359,5.926853800077695,1.528532125695092,-7.3070351336007455,0
-2.8336885808816437,8.808419411102816,3.1998373885443034,3.1638969400543724,-5.5802303768867825,0
-6.556309465670001,-9.129817735629501,5.673031705460941,1.971877383142688,4.004721157698383,1
-9.347838864753744,6.978451795828123,9.364799388321318,-6.022936317991813,-5.16954439586971,2
-7.584397301467136,-9.077208504502607,7.410709319705133,2.730389356720852,3.313352856581677,1
-6.804922505669761,-7.611277696665859,6.574343674869573,2.2476429885532427,3.6339822323070523,1
-3.0026301052560767,9.937448736540274,6.346483789906563,2.8467590995761114,-6.870482845411133,0
-5.67448151532311,-8.495192705619136,8.647397719285916,0.8904840927314799,2.5220552882568525,1
-8.784945065262788,9.431524968905688,5.692675932858789,-8.062401517719342,-6.2064470504565366,2
-1.6552229119848942,8.743245665909779,4.026784153319723,3.8854873237807026,-5.814400108604352,0
-5.655525155649803,-7.214931194336964,5.786574955472383,2.290051459228638,5.62094515930443,1
-6.507978202182786,-8.359455592704174,7.299345938400574,1.4512955152246025,3.898129653306945,1
-6.52508713885443,-9.059440851924512,6.4832414848415745,1.0994700451373425,3.857620707934693,1
-0.4658771333704448,10.633898283635633,5.572890976616451,1.2114347682129125,-7.444184194420846,0
-10.618244784989699,8.64916557228479,7.866226385760066,-4.9326623674281045,-6.615231337850493,2
-6.532203476951061,-9.646747581159397,7.008258071257157,1.5955431179818216,3.619616568252267,1
-2.2905593069988877,9.896047167146932,3.6307934933629937,0.3898754704038445,-6.105926774317588,0
-7.248939822868487,-8.436556474077436,7.131411862777263,3.4128000161049226,3.050038543786474,1
-8.506368054343103,10.393729512322967,7.464925659402284,-5.827428764983868,-5.276036481826491,2
-6.114719379105513,-9.03014921484265,6.104408304179486,2.1400214522450858,5.144025019548686,1
-7.87421582631814,-8.869266753791635,5.363364907204871,4.0828588514802275,2.968391601010673,1
-0.23343632548554671,9.42051281324825,4.207936634619729,3.8331366904276623,-5.679215642737872,0
-2.8184861694973278,9.687411630972296,4.383248653535547,1.6053439598079708,-5.605893571011714,0
-8.161407266752802,-10.576057511687303,5.375639402177541,2.601742807731437,4.309150881147686,1
-9.271330696310544,10.286859796790846,6.122097383353445,-5.093837200247526,-6.749977373109962,2
-4.354102863348844,7.997093957652931,5.156548144876224,1.174059113115467,-7.0441628492009665,0
-5.199017278345459,-9.589233306416125,8.49007150647571,1.4493024298732298,4.342568066131969,1
-9.803220469234029,9.674990492565174,8.31316991413307,-5.028493928540218,-7.228066383136289,2
-8.146450098901651,-8.896311704068244,6.875142696444821,4.032309524164177,5.931313976597875,1
-7.390545645702914,-7.676393943179914,6.555157968184631,0.5761722023040134,4.256445307277214,1
-7.466673672838665,-9.03586298233298,6.564482468290055,2.055759005856478,3.5396332554145173,1
-10.012086525531982,7.780834093131318,5.932212945956191,-5.596163205025036,-6.200756241011591,2
-4.178329982143282,8.242467050441567,6.301180566836256,1.6389225927903643,-7.197474097661853,0
-8.51306187381793,-9.411096181184536,8.124021157264675,2.20157483929086,4.694311448734368,1
-5.060536546577291,-9.666521737901775,7.5630003772046,1.2402825979565684,6.384147185055983,1
-10.820452443898784,9.84605879099168,7.019946867322358,-5.70525634045293,-6.031656792599472,2
-2.480577063484924,9.982909284502743,3.66761028850403,2.0526521357582705,-5.355839780957462,0
-12.227118614343851,10.177176755283888,4.238964648901628,-5.83059017776725,-6.348481429263698,2
-9.71292791027408,8.225605434387143,6.6353809943432775,-5.362694888869476,-6.108227268444424,2
-9.229289961528012,8.410388208651867,7.183631361813445,-6.790235355822244,-5.61968495735753,2
-0.35395808461967704,9.686543412612094,4.017024333126818,1.55502664993146,-8.168074570908594,0
-8.97716645943441,11.689080967318649,6.755895198087149,-5.858747838436784,-6.547857306575083,2
-9.546931061498103,9.946905311224917,6.067706770558419,-5.726536729323941,-5.791407877453066,2
-9.98497227390587,9.880721092068477,6.278262292935984,-3.649411694307067,-6.636520416584007,2
-10.5404889208233,9.820852108741489,6.758323420055724,-4.700688845084814,-6.936372745395737,2
-8.777965098547641,9.128555417943025,7.755817582311077,-5.112031124023407,-4.222117537346911,2
-9.695869245942859,8.703153383090147,6.607683339095885,-5.216126953373333,-6.31187427914678,2
-5.447767562058445,-10.027339039016045,7.06827097339645,2.0550247264048833,3.8945368439065877,1
-7.756428261250128,-8.800667523468073,7.054336783817314,1.9361617893808116,3.9824395888034236,1
-2.056261296519241,8.848225219847256,4.854817666322856,-0.049145249255003076,-7.8226839996185324,0
-7.910847183771345,8.905750968909368,6.664660360120275,-5.839973536983421,-4.795260896938336,2
-13.059740006022334,9.807225096982524,5.323342904326029,-6.3039389821299885,-7.389720294603015,2
-5.068734564610965,-8.214778899734373,7.652175075871912,2.9225288937794116,3.539073360930106,1
-7.5696499143563125,-8.343372239074485,7.741775470284703,2.4227122641026124,3.9357379083515758,1
-0.8628003803727768,8.007196763892061,3.9826455181106075,1.035814001717411,-8.54940636321967,0
-10.476458009811328,9.091315894552514,8.170251313840359,-6.244155236305843,-5.851576564828712,2
-0.6931098328089351,8.90335419256881,5.616187962709204,0.5203202248683712,-6.095620780237102,0
-2.7354428420614263,10.07885480622502,4.759484505115171,2.789868201654302,-6.260965231441338,0
-9.797762679733026,7.993632786170244,5.232355180928968,-4.518095964485949,-6.683592636802378,2
-8.688845142935705,11.358888315400932,7.776211059183193,-6.201132266121461,-7.639332742427926,2
-9.86670128489493,10.031558358083538,5.108059773577569,-5.885734465976373,-6.2846045592594795,2
-3.061843396399756,9.978136446913684,5.613436283748225,3.359073005231831,-5.871024241302434,0
-0.42788296628760847,8.709732489711064,4.735199643175821,2.152206480489697,-6.272060326819911,0
-2.5158510776839877,7.6951410829963764,5.444317946338966,1.815955790576281,-5.79916732214592,0
-6.1787365284367235,-7.807264842647957,7.432065591527142,2.4849265702452783,6.279307505546798,1
-2.494054344792886,9.456360145065053,5.687898580223053,1.3445999364650256,-7.324125935370453,0
-8.052712850137263,-10.071795857916117,8.018520816275577,3.968843072378941,3.900952993982186,1
